ID,Location,Link,profile
fea35fcd,Kanak Vrindavan Park,https://www.instagram.com/p/DAK-WidStqV/,aapnu.jaipur
d5ffba32,Kanak Vrindavan Park,https://www.instagram.com/p/C7Q_bonvOMK/,jhs.mediaofficial
4f6cc6c7,Nahargarh Biological Park,https://www.instagram.com/p/C5tLBYytfkS/,pinkcityfoodlovers
51f986b5,Nahargarh Biological Park,https://www.instagram.com/p/DC1xOnuS2P-/,apdojaipur
422e816a,Amber Palace,https://www.instagram.com/p/DC8SlH1Spxx/,rajujangidofficial
97d97fa2,Nahargarh Biological Park,https://www.instagram.com/p/DFL8VIZSBeP/,amazingjaipurites
65177625,Jhalana Leopard Safari Park,https://www.instagram.com/p/CweofqULulN/,jaipurbuzz
21f9ac2a,Jhalana Leopard Safari Park,https://www.instagram.com/p/CcISSM5lAzN/,kat_diaries
138a2cdb,Jhalana Leopard Safari Park,https://www.instagram.com/p/CsWEEMFhBGq/,jaipurbymarcela
2e58407d,Jhalana Leopard Safari Park,https://www.instagram.com/p/DA5nRGFy8Np/,amoghavarsha
0057ffb2,Jhalana Leopard Safari Park,https://www.instagram.com/p/DD4ro7QT88Y/,lucky2600
c9b99032,Jhalana Leopard Safari Park,https://www.instagram.com/p/C4CmZahLb2V/,jaipurbuzz
0fac4f9c,Sajjangarh Monsoon Palace,https://www.instagram.com/p/C9381ilygHn/,dronechaarya
140745f1,Bhangarh Fort,https://www.instagram.com/p/DFh69MuJ770/,rajasthani_banjare
543c3c48,Bhangarh Fort,https://www.instagram.com/p/C64McWZP45B/,vrushalibhati
c6406e16,Bhangarh Fort,https://www.instagram.com/p/C_hGAunhO-G/,dausa.wala
44bb31fa,Bhangarh Fort,https://www.instagram.com/p/Chz60Rios3Z/,rjsinghhh
9296150d,Jaigarh Fort,https://www.instagram.com/p/DA05kBySuE9/,jaigarh
14b65707,Jaigarh Fort,https://www.instagram.com/p/C_FGvusyh1j/,jaigarh
86e101d1,Jaigarh Fort,https://www.instagram.com/p/C7eSeoMhxSO/,jaigarh
3cbd4de0,Jaigarh Fort,https://www.instagram.com/p/C5pnhzwt9FR/,jaigarh
c0e0dec3,Jaigarh Fort,https://www.instagram.com/p/C6lKQioOKfF/,jaigarh
b1f85213,Shri garh ganesh ji temple,https://www.instagram.com/p/CxVh7doy3Rh/,mewhofly
91c0101d,The City Palace,https://www.instagram.com/p/C8XMuynB2f3/,pocket_saga11
eb45ff66,The City Palace,https://www.instagram.com/p/DAZ-zSeBhOX/,jaipurcitypalace
0e829f95,The City Palace,https://www.instagram.com/p/C1OpjEet-XD/,jaipurcitypalace
10b1edef,The City Palace,https://www.instagram.com/p/C8d2M2CN5LC/,jaipurcitypalace
ae59b65e,The City Palace,https://www.instagram.com/p/DFwq4_sJz5u/,jaipurcitypalace
ca7cc5da,The City Palace,https://www.instagram.com/p/C6B_fP5S0wN/,jaipur.wala
f19170d2,The City Palace,https://www.instagram.com/p/DFZeL3hKHJI/,iampurvishah
a1c63bf6,Gaitor Ki Chhatriyan,https://www.instagram.com/p/C6T3IqBpOUg/,jaipur_skysurfer
3711f9d8,Jaigarh Fort,https://www.instagram.com/p/C7COCUdpxR7/,jaipur_skysurfer
b6991546,Gaitor Ki Chhatriyan,https://www.instagram.com/p/C8lVkkvBfM1/,ghumo.jaipur
e26809be,Gaitor Ki Chhatriyan,https://www.instagram.com/p/C-1htVFBYGS/,ghumo.jaipur
57316381,Shri Jagat Shiromani ji Temple,https://www.instagram.com/p/C-4HQEnBMYs/,ghumo.jaipur
a2668f30,Maharaniyon Ki Chhatriyan,https://www.instagram.com/p/C_euGZIhkt4/,ghumo.jaipur
bb8c696c,Maharaniyon Ki Chhatriyan,https://www.instagram.com/p/C9jIkRphiyg/,ghumo.jaipur
2b754003,Bhangarh Fort,https://www.instagram.com/p/C_j38BchjaF/,ghumo.jaipur
bd2b9201,Chand Baori,https://www.instagram.com/p/C_9ooU_hvaZ/,ghumo.jaipur
af67c720,Sisodia Rani ka Bagh & Vidyadhar Bagh,https://www.instagram.com/p/DCIwUdYBmRS/,ghumo.jaipur
bce5a814,Nahargarh Fort,https://www.instagram.com/p/DDqhZduhwI_/,ghumo.jaipur
d9a94599,Galta Ji Temple (Monkey Temple),https://www.instagram.com/p/DFhrAdxyLu6/,ghumo.jaipur
c7717b58,Maharaniyon Ki Chhatriyan,https://www.instagram.com/p/DFmHvdgS89u/,ghumo.jaipur
3dc01192,Gaitor Ki Chhatriyan,https://www.instagram.com/p/DFrRmcJSnnz/,ghumo.jaipur
5dd241cf,Toorji Ka Jhalra Bavdi,https://www.instagram.com/p/CqA2QAkgD-h/,jodhpuri__chhora25
a52de3db,Toorji Ka Jhalra Bavdi,https://www.instagram.com/p/C84bjhdynA8/,jodhpuri__chhora25
14558af7,Toorji Ka Jhalra Bavdi,https://www.instagram.com/p/CkQhyiZjX-p/,dixit_parihar
bc68bfed,Toorji Ka Jhalra Bavdi,https://www.instagram.com/p/C8FGt7JpGV-/,anzarie._
4f4ba462,Toorji Ka Jhalra Bavdi,https://www.instagram.com/p/DE0DhE7T7pg/,seraphicmeenakshi
de20ba31,Mehrangarh Fort,https://www.instagram.com/p/DECwb-uCuhT/,jodhpuri__chhora25
336b5944,Kothari's Patwon Ki Haveli / Patwa Haveli,https://www.instagram.com/p/DDoAWwGycBL/,jodhpuri__chhora25
46654e7c,Mehrangarh Fort,https://www.instagram.com/p/DEpSf2TSK4L/,jodhpuri__chhora25
489a2297,Badi Lake,https://www.instagram.com/p/DEtfJwuSchP/,jodhpuri__chhora25
ee7e797c,Gadisar Lake,https://www.instagram.com/p/DGKEnY3SNob/,jodhpuri__chhora25
1a58243d,Umaid Bhawan Palace,https://www.instagram.com/p/DAfHDg2SIOI/,jodhpur_diaries_77
ac6d674f,Umaid Bhawan Palace,https://www.instagram.com/p/DDCPXUxIxAw/,me.bhi.jodhpuri_
a76c26cf,Mehrangarh Fort,https://www.instagram.com/p/DEMI5lZTnuS/,me.bhi.jodhpuri_
991706f8,Masuria Hill Garden,https://www.instagram.com/p/C1tdNu2Scs8/,thefoodie_lawyer_
546e0eb2,Mandore Garden,https://www.instagram.com/p/CxZj1WQS_2J/,story__of__rajasthan
1acb25eb,Mandore Garden,https://www.instagram.com/p/DC_poN3TI0S/,masterarc_
40791771,Mandore Garden,https://www.instagram.com/p/C3MQz_KokVe/,rajujangidofficial
367d4f23,Mandore Garden,https://www.instagram.com/p/C5qj0QFPKa8/,ronnie_and_barty
2f3697cc,ISKCON Temple Jaipur,https://www.instagram.com/p/CuYqkj9IF-u/,iskconjaipur.official
f826be23,ISKCON Temple Jaipur,https://www.instagram.com/p/C_GM610ysij/,beautifuljaipur
51fe9889,Jawahar Kala Kendra,https://www.instagram.com/p/DFkbwBdPt1o/,blessedarch
5395cd07,Shri Guru Singh Sabha Gurudwara,https://www.instagram.com/p/Cks3r5grEnB/,jaipurviews
b5724983,Shri Guru Singh Sabha Gurudwara,https://www.instagram.com/p/C0JhijhLwYr/,dekhoapnabharatdesh
8f479a62,Shri Guru Singh Sabha Gurudwara,https://www.instagram.com/p/Cm6csHnBdZR/,whatshot_jaipur
c11c7322,Mehandipur Balaji,https://www.instagram.com/p/DCob-v0I5fn/,rajasthani_banjare
827e3c75,Hawa Mahal,https://www.instagram.com/p/DDGitMaTAk2/,jd_kholvadiya
1df1619b,Pratap Celebrity Wax Museum Jaipur,https://www.instagram.com/p/C32XqNMBhZL/,pratap.wax.museum
b0c55a5e,Pratap Celebrity Wax Museum Jaipur,https://www.instagram.com/p/C4uEKjdReXJ/,blissfulbyte
94b42492,Anokhi Museum,https://www.instagram.com/p/C6OROHaPgtU/,hikewithpooja
fbae6ef7,Anokhi Museum,https://www.instagram.com/p/C_SxFVvsf5j/,blessedarch
c9d0a859,Anokhi Museum,https://www.instagram.com/p/CyDq-a1R54L/,stitchyourmap
f882f3c7,Anokhi Museum,https://www.instagram.com/p/C2c4uCSJSXF/,rosannafalconer
59dec51e,Anokhi Museum,https://www.instagram.com/p/DElw1jaSVUR/,aapnu.jaipur
	
				
				
				
				