City,Location
Agra,Agra Airport (Pandit Deen Dayal Upadhyay Airport)
Agra,Agra Fort Railway Station
Agra,Agra Cantt Railway Station
Agra,Idgah Bus Stand
Agra,Isbt Government Bus stand
Agra,Taj Mahal
Agra,Agra Fort
Agra,Fatehpur Sikri Fort
Agra,Itmad-ud-Daula
Agra,Tomb of Akbar
Agra,Kalakriti culture and convention centre
Agra,Chini Ka Rauza
Agra,Tomb of Mariam-UZ-Zamani
Agra,Mehtab Bagh
Agra,Aram Bagh
Agra,Paliwal Park
Agra,Elephant Conservation and Care Center
Agra,Keetham Lake (Sur Sarovar)
Agra,Taj Nature Walk
Agra,"Shri Mankameshwar Temple, Agra"
Agra,Jama Masjid Agra
Agra,Gurudwara Guru Ka Taal
Agra,Samadh Soamiji Maharaj - Soami Bagh
Amritsar,"Airport, Sri Guru Ram Dass Jee International"
Amritsar,Amritsar Junction
Amritsar,Amritsar Bus Stand
Amritsar,Golden Temple (Sri Harmandir Sahib)
Amritsar,Shri Durgiana Temple
Amritsar,Bhagwan Valmiki Ram Tirath Asthan
Amritsar,Mata Lal Devi Mandir
Amritsar,Gurudwara Chheharta Sahib
Amritsar,Gurudwara Bir Baba Budha Sahib Ji
Amritsar,Attari - Wagah Border
Amritsar,Jallianwala Bagh
Amritsar,Gobindgarh Fort
Amritsar,Pul Kanjri
Amritsar,Sadda Pind living museum
Amritsar,Maharaja Ranjit Singh Museum in Ram Bagh
Amritsar,The Partition Museum
Amritsar,Harike Wetland and Bird Sanctuary
Amritsar,Rose Garden
Ayodhya,"Airport, Maharishi Valmiki International Ayodhya Dham"
Ayodhya,Ayodhya Junction
Ayodhya,Ayodhya Dham Bus Station
Ayodhya,Ayodhya By Pass
Ayodhya,Faizabad Bus Stand
Ayodhya,AYODHYA CANTT
Ayodhya,Shree Ram Janmabhoomi Mandir
Ayodhya,Shri Hanuman Garhi Mandir
Ayodhya,Dashrath Mahal
Ayodhya,Kanak Bhawan
Ayodhya,Ram Ki Paidi
Ayodhya,Ram Katha Sangrahalay
Ayodhya,Tulasi Smarak Bhavan
Ayodhya,Shri Lakshman Kila
Ayodhya,Birla Shree Sita Ram Mandir
Ayodhya,Guptar Ghat
Bangalore,"Airport, Kempegowda International Bengaluru"
Bangalore,Krishnarajapuram Railway station
Bangalore,Mysore Road Satellite Bus Station
Bangalore,"KSRTC Bus Stand , Shanthinagara"
Bangalore,Majestic Bus Stand
Bangalore,KSR Bengaluru City Junction
Bangalore,Bengaluru Palace
Bangalore,Vidhana Soudha
Bangalore,Freedom Park (central jail park)
Bangalore,Bengaluru Fort
Bangalore,Tipu Sultan's Summer Palace
Bangalore,ISKCON temple Bangalore
Bangalore,ISKCON Vaikuntha Hill
Bangalore,Sri Banashankari Temple
Bangalore,Art of Living International Center
Bangalore,Ulsoor Gurudwara
Bangalore,"St. Mary's Basilica, Bengaluru"
Bangalore,Shri Dharmaraya Swamy Temple
Bangalore,Jamia Masjid Bengaluru City
Bangalore,Shri Doddabasavanna (SRI BIG BULL TEMPLE)
Bangalore,Cave temple Shri Gavi Gangadhareshwara Swamy Devasthana
Bangalore,Ragigudda Shri Prasanna Anjaneyaswami Temple
Bangalore,Sri Bhoga Nandishwara Gudi
Bangalore,Shree Parshwa Susheel Dhaam Shwetamber Jain Temple
Bangalore,Indian Music Experience Museum
Bangalore,HAL Heritage Centre and Aerospace Museum
Bangalore,Visvesvaraya Industrial & Technological Museum
Bangalore,Jawaharlal Nehru Planetarium
Bangalore,National Military Memorial Park
Bangalore,Rangoli Metro Art Center
Bangalore,National Gallery of Modern Art
Bangalore,Karnataka Chitrakala Parishath
Bangalore,Jollywood Studios and Adventures (Film City)
Bangalore,Janapada Loka (Karnataka Folk Museum)
Bangalore,Pyramid Valley International
Bangalore,Shrungagiri Sri Shanmukha Swami Gudi
Bangalore,Nandi Hills
Bangalore,Hebbala Lake Park
Bangalore,Sankey Tank
Bangalore,Ulsoor Lake
Bangalore,BTM Madiwala lake
Bangalore,Jaya Prakash Narayana Biodiversity Park
Bangalore,Cubbon Park
Bangalore,Lalbagh Botanical Garden
Bangalore,Bannerughatta Biological Park
Bangalore,Muthyala Maduvu Falls (Pearl Valley)
Bangalore,Shivagange
Bangalore,Dodda Aalada Mara
Bangalore,Savanadurga Trek
Bangalore,Manchanabele Dam
Bangalore,Wonderla Amusement Park
Bangalore,Phoenix Marketcity
Bangalore,Nexus Shantiniketan Mall
Bangalore,Orion Mall
Bangalore,Elements Mall
Bangalore,Mantri Square Mall
Bangalore,Gopalan Signature Mall
Bangalore,Royal Meenakshi Mall
Bangalore,Koramangala nightclub street
Bangalore,Nexus Mall Koramangala
Bangalore,Indiranagar Nightclubs street
Bangalore,Church Street
Bangalore,UB city
Bangalore,Garuda Mall
Bangalore,Phoenix Mall Of Asia
Chandigarh,Chandigarh Airport (Shaheed Bhagat Singh International)
Chandigarh,Chandigarh Junction railway station
Chandigarh,ISBT Sector-43
Chandigarh,"Chandigarh Bus Terminus, Sector 17"
Chandigarh,Sukhna Lake Chandigarh
Chandigarh,Zakir Hussain Rose Garden
Chandigarh,Rock Garden
Chandigarh,Japanese Garden
Chandigarh,Garden of Fragrance
Chandigarh,Chandigarh War Memorial park (Bougainvillea Park)
Chandigarh,Leisure Valley
Chandigarh,Chandigarh Botanical Garden
Chandigarh,Cactus Garden
Chandigarh,Sukhna Wildlife Sanctuary
Chandigarh,Ghaggar River
Chandigarh,Mahendra Chaudhary Zoological Park
Chandigarh,Terraced Garden
Chandigarh,Butterfly Park
Chandigarh,Shanti Kunj Park
Chandigarh,Patiala Ki Rao Reserved Forest
Chandigarh,Chandigarh Bird Park
Chandigarh,"Yadavindra Gardens, Pinjore"
Chandigarh,Dhanas Lake
Chandigarh,Shri Mata Mansa Devi Temple
Chandigarh,ISKCON Temple Chandigarh
Chandigarh,"Gurudwara 10th Paatshahi Sri Nada Sahib, Panchkula"
Chandigarh,Gurdwara Shri Guru Teg Bahadur Sahib
Chandigarh,"Gurdwara Singh Shaheedan, Sohana"
Chandigarh,Shirdi Sai Samaj Sai Temple
Chandigarh,Christ The King Cathedral
Chandigarh,Jama Masjid
Chandigarh,Shri Digambar Jain Mandir
Chandigarh,Fateh Burj - Baba Banda Singh Bahadur War Memorial
Chandigarh,Capitol Complex Tourist Center
Chandigarh,"Government Museum and Art Gallery , History Museum, Architecture Museum"
Chandigarh,Indian Air Force Heritage Museum
Chandigarh,International Dolls Museum
Chandigarh,Le Corbusier Centre
Chandigarh,Sector 17 Plaza
Chandigarh,Nexus Elante Mall
Chandigarh,VR Punjab
Chandigarh,DLF City Centre Mall
Chandigarh,Paras Downtown Square Mall
Chennai,Chennai International Airport
Chennai,Chennai Mofussil Bus Terminus (CMBT) Koyambedu
Chennai,Egmore Railway Station
Chennai,Chennai Central Railway Station
Chennai,Madhavaram Mofussil Bus Terminus
Chennai,Mahabalipuram Shore Temple
Chennai,Arulmigu Kanthasamy Temple Thiruporur
Chennai,ISKCON Chennai
Chennai,Arulmigu Sri Varadharaja Perumal Temple
Chennai,Arulmigu Thiruthani Murugan Temple
Chennai,Sri Kamakshi Amman Temple mangadu
Chennai,St. Thomas Mount
Chennai,Arulmigu Vadapalani Murugan Temple
Chennai,Kandhakottam Temple
Chennai,Walajah Big Mosque
Chennai,Arulmigu Sri Parthasarathy Perumal Temple Tiruvallikeni
Chennai,San Thome Basilica
Chennai,Kapaleeshwarar Temple
Chennai,Arulmigu Marundeeswarar Temple
Chennai,Shri Ashtalakshmi Temple
Chennai,Annai Velankanni Shrine
Chennai,Marina Beach
Chennai,Edward Elliot's Beach (Besant Nagar Beach)
Chennai,Thiruvalluvar Nagar Beach (Breezy Beach)
Chennai,Neelangarai Beach (Olive Beach)
Chennai,Kovalam Beach 
Chennai,The Madras Crocodile Bank Trust and Centre for Herpetology
Chennai,Kovalam Creek (The Great Salt Lake)
Chennai,Arignar Anna Zoological Park
Chennai,Vedanthangal Bird Sanctuary
Chennai,Snake Park (Guindy National Park)
Chennai,Puzhal Lake (Red Hills Lake)
Chennai,Chembarambakkam Lake
Chennai,Adyar River
Chennai,Cooum River
Chennai,Adyar Eco-Park (Tholkappia Poonga)
Chennai,Semmozhi Poonga
Chennai,Anna Nagar Tower Park
Chennai,Chennai Rail Museum
Chennai,Dakshina Chitra Heritage Museum
Chennai,Cholamandal Artists Village
Chennai,Kalakshetra Foundation
Chennai,B.M. Birla Planetarium
Chennai,Vivekananda House (Ice House)
Chennai,Fort St.George Museum
Chennai,Government Museum Chennai
Chennai,Lalit Kala Academy
Chennai,VGP Universal Kingdom
Chennai,MGM Dizzee World
Chennai,Queensland Amusement Park
Delhi,Airport Terminal 1 (Indira Gandhi International)
Delhi,Airport Terminal 3 (Indira Gandhi International)
Delhi,Airport Terminal 2 (Indira Gandhi International)
Delhi,Hazrat Nizamuddin
Delhi,Sarai Kale Khan ISBT
Delhi,Kashmiri Gate ISBT (Maharana Pratap)
Delhi,New Delhi Railway Station
Delhi,Old Delhi Railway Station
Delhi,Delhi Sarai Rohilla
Delhi,Delhi Cantt Railway Station
Delhi,Anand Vihar Railway Station
Delhi,Kaushambi bus stand (ISBT Anand Vihar)
Delhi,Dhaula Kuan Bus Stand
Delhi,Connaught Place
Delhi,Red Fort
Delhi,Rajghat (Mahatma Gandhi memorial)
Delhi,Agrasen ki Baoli
Delhi,Jantar Mantar
Delhi,Rashtrapati Bhavan
Delhi,India Gate
Delhi,"Safdarjung Tomb, Delhi"
Delhi,Humayun’s Tomb
Delhi,Qutub Minar
Delhi,Feroz Shah Kotla Fort
Delhi,Hauz Khas Village complex (Deer park)
Delhi,Purana Quila
Delhi,Tughlaqabad Fort
Delhi,Mehrauli Archaeological Park
Delhi,Jama Masjid
Delhi,Akshardham temple
Delhi,Dargah Nizamuddin Aulia
Delhi,Lotus Temple
Delhi,ISKCON Temple
Delhi,Hanuman Mandir Karol bagh
Delhi,Gurudwara Sri Bangla Sahib
Delhi,Shri Laxmi Narayan Temple (Birla Mandir)
Delhi,Chattarpur Mandir
Delhi,Tibetan Monastery (Majnu ka tila)
Delhi,"National Science Centre, Delhi"
Delhi,National Crafts Museum & Hastkala Academy
Delhi,Shankar's International Dolls Museum
Delhi,"National Museum, New Delhi"
Delhi,National Rail Museum
Delhi,Sulabh International Museum Of Toilets
Delhi,Sanskriti Kendra
Delhi,"Indira Gandhi Memorial Museum, Delhi"
Delhi,Nehru Planetarium
Delhi,Prime minister Museum & Library
Delhi,Museum of Illusions
Delhi,National Zoological Park
Delhi,Okhla Bird Sanctuary
Delhi,Central Ridge Forest
Delhi,Lodhi Garden
Delhi,Sanjay Van
Delhi,The Garden of Five Senses
Delhi,Indraprastha Park
Delhi,Nehru Park
Goa,Dabolim Airport (Goa International Airport)
Goa,Vasco da Gama Railway Station
Goa,Madgaon Junction
Goa,Madgaon Bus stand
Goa,Karmali Railway Station
Goa,Mopa Airport (Manohar International Airport)
Goa,Thivim Railway Station
Goa,Panjim Bus Stand
Goa,Mapusa Bus Stand
Goa,Arambol Beach
Goa,Morjim Beach
Goa,Vagator Beach
Goa,Anjuna Beach
Goa,Baga Beach
Goa,Calangute Beach
Goa,Colva Beach
Goa,Palolem Beach
Goa,Chapora river
Goa,Mandovi River
Goa,Zuari River
Goa,Salaulim Dam
Goa,Dudhsagar Falls
Goa,Harvalem Waterfalls
Goa,Dolphin point
Goa,Immaculate Conception Church
Goa, Se Cathedral & Church of St. Francis of Assisi
Goa,Basilica of Bom Jesus
Goa,Shree Mangesh temple
Goa,Shree Shantadurga Temple
Goa,Aguada Fort
Goa,Chapora Fort
Goa,Reis Magos Fort
Goa,Cabo de Rama Fort
Goa,Goa State Museum
Goa,Archaeological Museum of Goa
Goa,Goa Chitra Museum
Goa,Indian Naval Aviation Museum
Goa,Museum Of Goa
Goa,Casino on cruise
Goa,Tito's Lane
Goa,Anjuna flea market
Goa,Cotigao Wildlife Sanctuary
Goa,Mollem National Park & Bhagwan Mahavir Wildlife Sanctuary
Goa,Salim Ali Bird Sanctuary
Goa,Tropical Spice Plantation
Goa,Sahakari Spice Farm
Goa,Bondla Wildlife Sanctuary
Hyderabad,Rajiv Gandhi International Airport
Hyderabad,Jubilee Bus Station (JBS)
Hyderabad,Secunderabad Junction
Hyderabad,Mahatma Gandhi Bus Station (MGBS)
Hyderabad,Hyderabad Deccan (Nampally) Railway Station
Hyderabad,Kacheguda Railway Station
Hyderabad,Charminar
Hyderabad,Chowmahalla Palace
Hyderabad,Golconda Fort
Hyderabad,Qutub Shahi Tombs
Hyderabad,Bhuvanagiri Fort
Hyderabad,Buddha statue in Hussain Sagar
Hyderabad,B.M. Birla Science Center
Hyderabad,Telangana State Archaeology Museum
Hyderabad,Shilparamam
Hyderabad,Salar Jung Museum
Hyderabad,The Nizam's Museum
Hyderabad,Ramoji Film City
Hyderabad,Kalakriti Art Gallery
Hyderabad,Falaknuma Palace
Hyderabad,Sri Chilkur Balaji Temple
Hyderabad,Sri Peddamma Talli Temple
Hyderabad,"Sri Jagannath Mandir, Banjara Hills"
Hyderabad,Birla Mandir
Hyderabad,"Gurudwara Saheb, Ameerpet"
Hyderabad,ISKCON - Sri Sri Radha Madan Mohan Temple
Hyderabad,St Joseph's Cathedral
Hyderabad,Makkah Masjid
Hyderabad,Keesaragutta Sri Rama Lingeshwara Swamy Temple
Hyderabad,Yadadri Sri Lakshmi Narasimha Swamy Devastanam
Hyderabad,C.S.I All Saints' Church
Hyderabad,C.S.I Medak Cathedral
Hyderabad,Shri Shirdi Sai Baba Sansthan Trust
Hyderabad,Shri Ashtalakshmi Temple
Hyderabad,Sri Karmanghat Hanuman Devastanam
Hyderabad,Sri Bhramaramba Mallikarjuna Swamy varla Devasthanam
Hyderabad,Kanha Shanti Vanam
Hyderabad,Sanghi Temple
Hyderabad,Osman Sagar
Hyderabad,Himayat Sagar Lake
Hyderabad,Nehru Zoological Park
Hyderabad,Sri Kotla Vijaybhaskar Reddy Botanical Garden
Hyderabad,Gandipet Landscape Park
Hyderabad,Durgam Cheruvu Secret Lake
Hyderabad,Lumbini Park
Hyderabad,NTR Gardens
Hyderabad,Sanjeevaiah Children's Park
Hyderabad,Indira Park
Hyderabad,Safilguda Lake Park
Hyderabad,Shamirpet lake Deer Park
Hyderabad,Kasu Brahmanandha Reddy National Park (KBR)
Hyderabad,Lotus Pond
Hyderabad,Krishna Kanth Park
Jaipur,Jaipur International Airport
Jaipur,Sindhi Camp Bus Station
Jaipur,Jaipur Junction
Jaipur,Gandhi Nagar Railway Station
Jaipur,Durgapura Railway Station
Jaipur,(NSC) Narayan Singh Circle Bus Stand 
Jaipur,Hawa Mahal
Jaipur,Amber Palace
Jaipur,Jantar Mantar
Jaipur,The City Palace
Jaipur,Jaigarh Fort
Jaipur,Nahargarh Fort
Jaipur,Jal Mahal (Man Sagar Lake)
Jaipur,Gaitor Ki Chhatriyan
Jaipur,Patrika Gate (Jawahar Circle)
Jaipur,Bhangarh Fort
Jaipur,Panna Meena ka Kund
Jaipur,Chand Baori
Jaipur,Shakambari Jheel
Jaipur,Jhalana Leopard Safari Park
Jaipur,Central Park
Jaipur,Amar Jawan Jyoti
Jaipur,Kanak Vrindavan Park
Jaipur,Sisodia Rani ka Bagh & Vidyadhar Bagh
Jaipur,Nahargarh Biological Park
Jaipur,Birla Mandir
Jaipur,"Govind Dev Ji Temple, Thikana mandir"
Jaipur,Moti Dungri Ganesh Ji Temple
Jaipur,Galta Ji Temple (Monkey Temple)
Jaipur,Shree Khole Ke Hanuman Ji Temple
Jaipur,"Jain Temple Sanghi Ji, Sanganer ."
Jaipur,Shri Guru Singh Sabha Gurudwara
Jaipur,Shri garh ganesh ji temple
Jaipur,"ISKCON Temple, Jaipur"
Jaipur,Shri Jagat Shiromani ji Temple
Jaipur,Chulgiri Jain Thirth
Jaipur,Mehandipur Balaji
Jaipur,Albert Hall Museum
Jaipur,Pratap Celebrity Wax Museum Jaipur
Jaipur,Anokhi Museum
Jaipur,Jawahar Kala Kendra
Jaisalmer,Jaisalmer Airport
Jaisalmer,Railway station Jaisalmer
Jaisalmer,RSRTC Bus stand
Jaisalmer,Private bus stand
Jaisalmer,Jaisalmer Fort
Jaisalmer,Kothari's Patwon Ki Haveli / Patwa Haveli
Jaisalmer,Nathmal Ki Haveli
Jaisalmer,Salam Singh Ki Haweli (Moti Mahal)
Jaisalmer,Bada Bagh
Jaisalmer,Vyas Chhatri
Jaisalmer,Kuldhara Heritage Village
Jaisalmer,Khaba fort
Jaisalmer,Thar desert sand dunes & camps
Jaisalmer,Gadisar Lake
Jaisalmer,Shri Tanot Mata Temple
Jaisalmer,Lodurva Parshwanatha Jain Temple
Jaisalmer,Thar Heritage Museum
Jaisalmer,Government Museum Jaisalmer
Jaisalmer,Longewala War Memorial
Jaisalmer,Heritage Mandir Palace
Jaisalmer,Desert Cultural Centre (puppet show)
Jaisalmer,Jaisalmer War Museum
Jodhpur,Jodhpur Airport
Jodhpur,Jodhpur Railway Station
Jodhpur,Bhagat Ki Kothi Railway Station
Jodhpur,Jodhpur Bus Stand (Raika Bagh)
Jodhpur,Mehrangarh Fort
Jodhpur,Umaid Bhawan Palace
Jodhpur,Jaswant Thada
Jodhpur,Ghanta Ghar Jodhpur
Jodhpur,Toorji Ka Jhalra Bavdi
Jodhpur,Sardar Government Museum
Jodhpur,Osiyan sacchiyay Mata Temple
Jodhpur,Mahamandir Temple
Jodhpur,Ganesh Temple Ratanada
Jodhpur,Kayalana Lake
Jodhpur,Masuria Hill Garden
Jodhpur,Mandore Garden
Kolkata,Airport (Netaji Subhash Chandra Bose International)
Kolkata,Babughat Bus Stand
Kolkata,Howrah Junction
Kolkata,Sealdah Railway station
Kolkata,Karunamoyee bus stand
Kolkata,Esplanade Bus Stop
Kolkata,Howrah Bridge
Kolkata,James Prinsep Monument
Kolkata,Victoria Memorial
Kolkata,Eden Gardens
Kolkata,Fort William
Kolkata,Dakshineswar Kali Temple
Kolkata,Belur Math
Kolkata,Pareshnath Jain Temple kolkata
Kolkata,Nakhoda Masjid
Kolkata,St. Paul's Cathedral
Kolkata,ISKCON Temple
Kolkata,Gurdwara Sant kutia
Kolkata,Birla Mandir
Kolkata,Kalighat Mandir Shaktipeeth
Kolkata,"The Basilica of the Holy Rosary, Bandel (Bandel Church)"
Kolkata,Science City - Kolkata
Kolkata,Kolkata Centre for Creativity
Kolkata,Jorasanko Thakurbari
Kolkata,Marble Palace
Kolkata,Metcalfe Hall
Kolkata,Indian Museum
Kolkata,Mother Teresa House (Missionaries of Charity)
Kolkata,"Nandan, West Bengal Film Centre & Academy of Fine Arts & Rabindra Sadan"
Kolkata,Nehru Children's Museum
Kolkata,M.P. Birla Planetarium
Kolkata,Netaji Bhawan
Kolkata,Birla Industrial & Technological Museum
Kolkata,Sarat Chandra Chattopadhyay Kuthi
Kolkata,Diamond Harbour River Side
Kolkata,"Indian Botanic Garden, Acharya Jagadish Chandra Bose "
Kolkata,"Zoological Garden, Alipore"
Kolkata,Rabindra Sarobar Lake
Kolkata,Subhash Sarobar Lake
Kolkata,Salt Lake Central Park
Kolkata,Eco Park
Kolkata,Nicco park
Kolkata,Nalban Park
Kolkata,East Calcutta Wetlands
Kolkata,Millennium Park
Kolkata,Kolkata River Cruise
Manali,Manali Bus Stand (HRTC Bus Stand)
Manali,Private Volvo Bus Stand
Manali,Shri Vashishtha Temple
Manali,Hadimba Devi Temple
Manali,Shri Anjani Mahadev Mandir
Manali,"Manu Temple, Old Manali"
Manali,"Buddhist Monastery, Gadhan Thekchhokling Gompa "
Manali,Himalayan Nyinmapa Buddhist Monastery
Manali,Mall Road Market
Manali,Rohtang La
Manali,Solang Valley
Manali,Hampta Pass Trek
Manali,Jogini Falls
Manali,Nehru Kund
Manali,Bhrigu Lake
Manali,Manali wildlife sanctuary
Manali,Van Vihar National Park
Manali,Naggar Castle
Mathura Vrindavan,"Prem Mandir, Vrindavan"
Mathura Vrindavan,Sri Sri Krishna Balaram Mandir (ISKCON Vrindavan)
Mathura Vrindavan,Shri Krishna Janmasthan
Mathura Vrindavan,"Shri Dwarkadhish Temple, Mathura"
Mathura Vrindavan,Birla Gita Temple
Mathura Vrindavan,"Shri Banke Bihari Temple, Vrindavan"
Mathura Vrindavan,"Shri Radha Raman Temple, Vrindavan"
Mathura Vrindavan,"Shri Radha Rani Temple, Barsana"
Mathura Vrindavan,Rangnath Mandir (Shri Rangji Mandir)
Mathura Vrindavan,Vrindavan Chandrodaya Mandir
Mathura Vrindavan,"Shri Pagal Baba Temple, Vrindavan"
Mathura Vrindavan,"Maa Vaishno Devi Dham, Vrindavan"
Mathura Vrindavan,Gokul Dham
Mathura Vrindavan,"Shri Nand Baba Temple, Nandgaon"
Mathura Vrindavan,Shri Shani Mandir Kokilavan
Mathura Vrindavan,Mathura Chaurasi Digamber Jain Temple
Mathura Vrindavan,Shri Raman Bihariji Mandir
Mathura Vrindavan,"Government Museum, Mathura"
Mathura Vrindavan,"Kans Quila, Mathura"
Mathura Vrindavan,Yamuna river
Mathura Vrindavan,Vishram Ghat
Mathura Vrindavan,Keshi Ghat
Mathura Vrindavan,Nidhivan
Mathura Vrindavan,Seva Kunj
Mathura Vrindavan,Govardhan hill
Mathura Vrindavan,"Potra Kund, Mathura"
Mathura Vrindavan,Radha Kund & Shyam Kund
Mathura Vrindavan,"Kusum Sarovar, Govardhan"
Mathura Vrindavan,Mathura Junction
Mathura Vrindavan,Mathura Cantt
Mathura Vrindavan,New Bus Stand
Mathura Vrindavan,"Bus Stand, Govardhan"
Mathura Vrindavan,Vrindavan Bus Stand
Mumbai,Airport Terminal 2 (Chhatrapati Shivaji Maharaj International)
Mumbai,Airport Terminal 1 (Chhatrapati Shivaji Maharaj International)
Mumbai,Bandra Terminus
Mumbai,Lokmanya Tilak Terminus (LTT)
Mumbai,Dadar Railway Station
Mumbai,Mumbai Central Railway Station
Mumbai,Chhatrapati Shivaji Maharaj Terminus
Mumbai,Kurla Nehru Nagar ST 
Mumbai,Mumbai Central Bus Depot [MSRTC]
Mumbai,MSRTC Shivneri Bus stand Dadar
Mumbai,MSRTC Bus stand Thane - Vandana
Mumbai,Borivali Nancy Colony Bus Stand
Mumbai,Dukaan Borivali East
Mumbai,Elephanta Caves
Mumbai,Kanheri Caves
Mumbai,Vasai Fort
Mumbai,Jogeshwari Caves
Mumbai,Madh Fort
Mumbai,Bandra Fort
Mumbai,Flora Fountain
Mumbai,Gateway Of India
Mumbai,Shivadi fort and Flamingo Point
Mumbai,Bandra Worli Sea Link Bridge
Mumbai,Marine Drive
Mumbai,Global Vipassana Pagoda
Mumbai,ISKCON Mandir - Juhu
Mumbai,Gaondevi Temple & Gilbert Hill
Mumbai,Basilica of Our Lady of the Mount
Mumbai,Shree Siddhivinayak Temple
Mumbai,BAPS Shri Swaminarayan Mandir
Mumbai,Haji Ali Dargah
Mumbai,Shri Mahalakshmi Temple
Mumbai,Shree Babulnath Mandir
Mumbai,ISKCON Chowpatty (Sri Sri Radha Gopinath Mandir)
Mumbai,Juma Masjid
Mumbai,Shri Mumbadevi Temple
Mumbai,St. Thomas’ Cathedral
Mumbai,Zoo (Veermata Jijabai Bhosale Botanical Udyan)
Mumbai,Gorai Beach
Mumbai,Aksa Beach
Mumbai,Versova Beach
Mumbai,Juhu Beach
Mumbai,Girgaon Chowpatty
Mumbai,Powai Lake
Mumbai,Chhota Kashmir Park.
Mumbai,Vihar Lake
Mumbai,Tulsi Lake
Mumbai,Sanjay Gandhi National Park
Mumbai,Bandstand Promenade
Mumbai,Oval Maidan
Mumbai,Hanging Gardens
Mumbai,Alibaug Beach
Mumbai,Karnala Bird Sanctuary
Mumbai,Matheran Hill Station
Mumbai,Lonavala and Khandala
Mumbai,Film city Dadasaheb Phalke
Mumbai,RBI Monetary Museum
Mumbai,"The Asiatic Society, Mumbai"
Mumbai,Jehangir Art Gallery
Mumbai,Chhatrapati Shivaji Maharaj Vastu Sangrahalaya
Mumbai,Nehru planetarium
Mumbai,Nehru Science Centre
Mumbai,Mani Bhavan Gandhi Sangrahalaya
Mumbai,Essel World
Mumbai,Imagica
Mussoorie,Picture palace bus station
Mussoorie,Library Bus stand 
Mussoorie,Dehradun Railway Station
Mussoorie,Kempty Fall Taxi Stand
Mussoorie,Kempty Falls
Mussoorie,Lal Tibba Scenic Point
Mussoorie,Gun Hill
Mussoorie,Mall road
Mussoorie,Company Garden
Mussoorie,Mussorie Lake
Mussoorie,Jharipani Waterfall
Mussoorie,Cloud’s End
Mussoorie,George Everest House
Mussoorie,Happy Valley Tibetan Buddhist Temple
Mussoorie,Bhatta falls
Nainital,"Nainital Bus Stand, Tallital"
Nainital,Kathgodam Railway Station
Nainital,Nainital Lake
Nainital,Snow View point
Nainital,G B Pant High Altitude Zoo
Nainital,Eco Cave Park
Nainital,Tiffin Top
Nainital,Naina Peak East
Nainital,Himalayan Botanical Garden
Nainital,Himalaya Darshan viewpoint
Nainital,Mall Road
Nainital,Raj Bhawan Governor House
Nainital,Jim Corbett Gurney House
Nainital,Woodland water fall nainital
Nainital,"Sankat Mochan Mandir,Hanuman Garhi"
Nainital,"Shree Maa Naina Devi Temple, Nainital"
Nainital,Kainchi Dham - Shri Neeb Karori Baba Ashram
Nainital,St John in the Wilderness Church
Nainital,"Golu Devta Temple (Bell Temple), Ghorakhal"
Nainital,Sattal Lake
Nainital,Bhim Taal Lake
Nainital,Naukuchia Taal
Nainital,Sariyatal
Nainital,Khurpatal Lake
Pune,Pune International Airport
Pune,Pune Junction
Pune,Swargate Bus Stand
Pune,MSRTC ST Pune Station Bus Stand
Pune,Hadapsar Railway Station
Pune,Khadki Railway Station
Pune,Vallabhnagar State Transport Bus Stand
Pune,Chinchwad Railway Station Queens Town Side
Pune,Chatrapati Shivaji Maharaj Nagar
Pune,Sinhagad Fort
Pune,Rajgad Fort
Pune,Torna Fort
Pune,Purandar Fort
Pune,Tikona Fort
Pune,Lohgad Fort
Pune,Shaniwar Wada
Pune,Laal Mahal
Pune,Aga Khan Palace
Pune,Karla Caves
Pune,Raja Dinkar Kelkar Museum
Pune,Blades of Glory Cricket Museum
Pune,Pimpri Chinchwad Science Park
Pune,Mahatma Phule Museum
Pune,Dr Babasaheb Ambedkar Museum & Memorial
Pune,Late Sanjay Mahadeo Nimhan Gram Sanskruti Udyan
Pune,Shreemant Dagdusheth Halwai Ganpati Mandir
Pune,Parvati Hill & Hill top Temples
Pune,Shri Chatushrungi Devi Temple
Pune,Shri Siddhivinayak Ganesh Mandir Sarasbaug
Pune,Mahadji Shinde Chhatri
Pune,ISKCON NVCC Pune
Pune,"Shri Khandoba Mandir, Jejuri"
Pune,Bhuleshwar Temple
Pune,BAPS Shri Swaminarayan Mandir Pune
Pune,"Katraj Jain Temple, Aagam Mandir"
Pune,St. Patrick’s Cathedral
Pune,Prati Balaji Mandir
Pune,Bhimashankar Jyotirlinga
Pune,"Shree Sant Dnyaneshwar Maharaj Samadhi Mandir, Alandi"
Pune,Shree Mahaganapati Ranjangaon
Pune,"Shri Prati Shirdi Sai Baba Temple, Shirgaon"
Pune,Ramdara temple
Pune,Shree Chintamani Vinayaka Temple Theur
Pune,Pashan Lake
Pune,Osho Garden
Pune,Pune-Okayama Friendship Garden
Pune,Rajiv Gandhi Zoological Park
Pune,Empress Botanical Garden
Pune,Khadakwasla Dam
Pune,Taljai Hills
Pune,Vetal Hill
Pune,Mula Mutha River
Pune,Lavasa
Pune,Chhatrapati Sambhaji Maharaj garden
Rishikesh,Rishikesh bus station
Rishikesh,Jolly Grant Airport - Dehradun
Rishikesh,Railway station rishikesh
Rishikesh,Ram jhula
Rishikesh,Lakshman Jhula
Rishikesh,Janki Jhula
Rishikesh,Ganga Beach
Rishikesh,Goa Beach Rishikesh
Rishikesh,Neer Waterfall
Rishikesh,The Secret Waterfall
Rishikesh,Patna Garud Chatti Waterfall
Rishikesh,Shivpuri (River Rafting)
Rishikesh,Rajaji National Park
Rishikesh,Marine Drive( Aastha Path )
Rishikesh,The Beatles Ashram
Rishikesh,(Tera Manzil Temple) Trayambakeshwar Temple
Rishikesh,Parmarth Niketan Ashram
Rishikesh,Shatrughana Temple Ghat aarti
Rishikesh,Triveni Ghat Rishikesh
Rishikesh,Gurdwara Sri Hemkunt Sahib
Rishikesh,Kunjapuri Mata Ancient Temple & Sunrise Trek
Rishikesh,Vashishtha Gufa Temple
Rishikesh,Shree Neelkanth Mahadev Temple
Shimla,Shimla Airport (Jubbarhatti Airport)
Shimla,ISBT Shimla ( New Bus stand)
Shimla,Shimla Railway station
Shimla,Old bus stand shimla
Shimla,Ridge Mall road
Shimla,Lakkar bazar
Shimla,Tibetan Refugee Market
Shimla,Christ Church
Shimla,"Shri Hanuman Temple, Jakhoo"
Shimla,Dorje Drak Monastery
Shimla,St. Michael's Catholic Cathedral
Shimla,Kali Bari Temple
Shimla,Tara Devi Temple
Shimla,Baba Bhalku Rail Museum
Shimla,Gaiety Heritage Cultural Complex
Shimla,Bantony Castle
Shimla,Army Heritage Museum & Annadale Ground
Shimla,Himachal State Museum
Shimla,Viceregal Lodge
Shimla,Chadwick Falls
Shimla,Himalayan Bird Park
Shimla,Kufri Horse Ride
Shimla,Himalayan Nature Park Kufri
Shimla,"Apple garden Naldehra, RHRTS Mashobra"
Shimla,Carignano Nature Park
Shimla,Cycling in Wildlife Sanctuary
Shimla,Water Rafting in Tattapani
Shimla,Ice Skating Ring
Shimla,Naldehra Golf Course
Shimla,Nagsons Amusement Park
Shimla,Kufri Fun World
Shimla,Adventure Resorts
Srinagar,TRC Bus Stand Srinagar
Srinagar,Srinagar railway station
Srinagar,(Srinagar Airport) Sheikh ul-Alam International Airport 
Srinagar,Parimpora Bus Stand
Srinagar,Dal Lake
Srinagar,Nigeen Lake
Srinagar,Anchar Lake
Srinagar,Jhelum River
Srinagar,Shalimar Bagh Mughal Garden
Srinagar,Tulip Garden Indira Gandhi Memorial 
Srinagar,Dachigam National Park
Srinagar,Nishat Garden
Srinagar,Cheshma Shahi Garden
Srinagar,Botanical Garden Jawaharlal Nehru Memorial
Srinagar,Badam Wari Park
Srinagar,Gulmarg Gondola
Srinagar,Char Chinar in Dal lake
Srinagar,Hokersar Wetland
Srinagar,Harwan Garden
Srinagar,Doodhpathri (Meadow valley)
Srinagar,Pari Mahal
Srinagar,Hari Parbat Fort
Srinagar,Sri Shankaracharya Temple
Srinagar,Gurudwara Chati Patshahi
Srinagar,Sri Kheer Bhawani Durga Temple
Srinagar,Dargah Hazratbal Shrine
Srinagar,Jamia Masjid Srinagar
Srinagar,Pather Masjid
Srinagar,Lal Chowk
Srinagar,Polo view market
Srinagar,Kashmir Government Arts Emporium
Udaipur,"Maharana Pratap Airport, Udaipur"
Udaipur,Udaipur City Railway Station
Udaipur,Ranapratapnagar railway station
Udaipur,Udaipole Bus Stand
Udaipur,Chetak Bus Stand
Udaipur,City Palace
Udaipur,Jagmandir Island Palace
Udaipur,"Taj Lake Palace, Udaipur"
Udaipur,Bagore Ki Haveli
Udaipur,Sajjangarh Monsoon Palace
Udaipur,Ahar Royal Cenotaphs
Udaipur,Jagdish Temple
Udaipur,Eklingji Temple
Udaipur,"Karni Mata Temple, Udaipur"
Udaipur,Neemach Mata Mandir
Udaipur,Bohra Ganeshji Temple
Udaipur,Shilpgram
Udaipur,Vintage Car Museum
Udaipur,Ahar Museum
Udaipur,Haldighati Maharana Pratap Museum
Udaipur,Pratap Gaurav Kendra Udaipur
Udaipur,Saheliyon ki bari
Udaipur,Lake Pichola
Udaipur,Fateh Sagar Lake
Udaipur,Badi Lake 
Udaipur,Gulab Bagh
Udaipur,Rajiv Gandhi Garden
Udaipur,Sajjan Garh Biological Park
Varanasi,Varanasi Airport (Lal Bahadur Shastri International)
Varanasi,Varanasi Cantt Bus Stand
Varanasi,Varanasi Junction railway station (BSB)
Varanasi,Varanasi City Railway Station (BCY)
Varanasi,Deen Dayal Railway Station
Varanasi,Manduadih Banaras Railway Station (BSBS)
Varanasi,Lakhaniya Hills & Waterfall
Varanasi,Rajdari and Devdari Waterfalls
Varanasi,Shri Kashi Vishwanath Temple
Varanasi,Dashashwamedh Ghat
Varanasi,Manikarnika Mahashamshan Ghat
Varanasi,Assi Ghat
Varanasi,Shri Satyanarayan Tulsi Manas Mandir
Varanasi,ISKCON Temple Varanasi
Varanasi,Kaal Bhairav Temple
Varanasi,Swarved Mahamandir Dham
Varanasi,Namo Ghat
Varanasi,Alamgir Masjid
Varanasi,Pujari Maa Vindhyavasini Temple
Varanasi,"Shri Kashi Vishwanath Temple, BHU Campus"
Varanasi,Sankat Mochan Hanuman Mandir
Varanasi,Sant Kabir Math Lahartara
Varanasi,Ramnagar Fort
Varanasi,Archaeological Buddhist Remains of Sarnath
Varanasi,Chunar Fort
Varanasi,Chet Singh Ghat
Varanasi,Jantar Mantar & Man Singh Observatory
Varanasi,Bharat Kala Bhavan Museum
Varanasi,RUDRAKSH - International Convention Centre