place_name,Summary
Airport Terminal 1 Indira Gandhi International,"It seems that you have had a negative experience at Delhi's Indira Gandhi International Airport (IGI) Terminal 1. You mentioned several issues, including long lines and crowding, poor communication, and inadequate seating areas. Additionally, you noted that the airport's maintenance and cleanliness could be improved.

Here are some potential responses to address your concerns:

1. Crowding and long lines: We understand that the crowding and long lines at the airport can be frustrating and uncomfortable. We will work with the airport authorities to ensure that there are adequate facilities and staffing to handle the volume of passengers efficiently and comfortably.
2. Poor communication: We apologize for any confusion or miscommunication during your visit to the airport. We will make sure to communicate clearly and effectively with our passengers to avoid any inconvenience.
3. Inadequate seating areas: We recognize the need for more comfortable and spacious seating areas at the airport. We will work with the airport management to provide more seating options for our passengers.
4. Maintenance and cleanliness: We understand that maintaining a clean and well-maintained environment is essential for a pleasant travel experience. We will work with the airport authorities to ensure that the terminal is kept clean and well-maintained at all times.
5. Nighttime issues: We acknowledge the discomfort caused by the cooling system during late night hours. We will work with the airport management to find a solution that ensures a comfortable temperature for our passengers.

We value your feedback and will work towards improving the passenger experience at Delhi's Indira Gandhi International Airport (IGI) Terminal 1."
Airport Terminal 2 Indira Gandhi International,"
Based on the reviews provided, here is a summary of the experiences of travelers at Indira Gandhi International Airport in Delhi:

* Positive experiences: Travelers have praised the cleanliness and neatness of the airport, as well as the supportive staff. Some have also appreciated the availability of food and liquor outlets, and the multi-faith prayer room.
* Negative experiences: Travelers have complained about the chaos and suffocating atmosphere at the security check, the lack of basic amenities such as water dispensers and sleeping chairs, and the arrogant attitude of some staff members. Some have also had unpleasant experiences with prepaid taxi services, including confusion and overcharging.
* Suggestions: Travelers have suggested improvements such as upgrading the security check system to reduce hassle and delays, providing better amenities for passengers, and taking strict action against fraudulent activities in prepaid services.

Overall, while some travelers have had positive experiences at Indira Gandhi International Airport, many have complained about various issues that can improve the passenger experience."
Airport Terminal 3 Indira Gandhi International,"It seems that you have provided a review of Indira Gandhi International Airport Terminal 3 (T3) in Delhi, India. Here is a summary of the review:

* The airport is well-maintained and has a world-class terminal.
* The security checks are tight, but some guards can be rude and ask intrusive questions.
* There are plenty of shopping options available, including a liquor outlet with a good selection.
* The connectivity via the airport metro and feeder buses is excellent.
* The terminal is clean, well-designed, and has supportive staff.
* It's recommended to reach the airport at least 3 hours before flight time to avoid crowding.
* The airport received several awards in various categories.
* The reviewer had an unfortunate incident during their visit, but overall, T3 is an excellent airport.

The review highlights the strengths of T3, including its cleanliness, design, and staff service. However, it also mentions some areas for improvement, such as the behavior of some security guards. Overall, the review seems to be positive, recommending T3 as a well-maintained and well-designed airport with good shopping options and excellent connectivity."
Delhi Cantt Railway Station,"The sentiment of these reviews is overwhelmingly negative, with reviewers expressing frustration with the lack of basic amenities such as cloakrooms, retiring rooms, lifts, and ramps for wheelchair accessibility at Delhi Cantt Railway Station. Reviewers also mention that there are no restaurants or shops within the station, and that the waiting areas are crowded and uncomfortable. Additionally, reviewers warn of touts who will try to scam visitors upon alighting from trains at this station. Despite these issues, some reviewers note that the station is clean and well-maintained, with free WiFi available. However, safety concerns arise due to the lack of proper entry and exit points, as well as people crossing the railway tracks without proper supervision. Overall, the reviews suggest that while Delhi Cantt Railway Station may have some positive aspects, it falls short in terms of amenities and safety for travelers."
Delhi Sarai Rohilla,"Delhi Sarai Rohilla Railway Station is located in the heart of Delhi and serves as a significant transportation hub in the city. The station provides essential amenities and efficient services to passengers, making it a popular choice for travelers. Despite its relatively smaller size compared to other major stations in Delhi, it offers adequate facilities such as waiting areas, ticket counters, and food options. Its strategic location and connectivity make it easy for passengers to reach their destinations with ease. The station's commitment to passenger safety and security is also notable, with the presence of vigilant staff and modern surveillance systems ensuring a safe environment for travelers.

However, some improvements could be made to enhance the travel experience at Delhi Sarai Rohilla Railway Station. Limited washroom facilities and unclear signage for train arrivals and departures can make navigation challenging for passengers. Additionally, the station's location in a busy area of Delhi can result in dirt and chaos outside the station, making it difficult to find the entrance.

In conclusion, Delhi Sarai Rohilla Railway Station serves as an essential transit point in Delhi, providing efficient services and adequate facilities for passengers. While some improvements could be made to enhance the travel experience, the station remains a convenient choice for travelers looking to reach their destinations with ease."
Hazrat Nizamuddin,"Hazrat Nizamuddin Railway Station in Delhi, India is one of the three main railway stations in the city. It serves as a vital connection for trains traveling to South India and various other regions. The station has an organized layout with separate arrival and departure platforms, waiting rooms, food stalls, and a prepaid taxi service. Recent upgrades such as escalators and better signage have improved navigation within the station. However, the station still faces challenges related to overcrowding, waste management, security, and high prices of food and drinks available at the station. Despite these issues, the station remains an essential transit point in Delhi with millions of passengers passing through each year.

The station is known for its connectivity to the Delhi Metro and local transportation options, which contribute to traffic and congestion outside the premises. While security measures are high, cleanliness and crowd control can be improved. The waiting room charges 100 INR per hour, and there is also a premium AC room available at a higher rate.

Overall, Hazrat Nizamuddin Railway Station is a busy and populous area with a need for ongoing improvements to ensure a smoother experience for the millions of passengers passing through each year."
Kashmiri Gate ISBT (Maharana Pratap),"The reviews discuss the Inter-State Bus Terminal (ISBT) Kashmere Gate in Delhi as a major transportation hub serving northern India. Common themes include connectivity, availability of bus services, basic facilities such as washrooms and food stalls, and recent improvements initiated by the Delhi Lieutenant Governor. Cons include crowdedness and chaos, particularly during peak travel times. The reviews also highlight the terminal's strategic location near metro stations and local shops, as well as areas for improvement such as signage and maintenance. Overall, the ISBT Kashmere Gate is a convenient starting point for journeys within northern India, although it could benefit from modern upgrades to enhance passenger experience."
New Delhi Railway Station,"Based on the reviews and feedback provided by passengers at New Delhi Railway Station, here are some key observations:

1. Crowd management: The station is very crowded, and passenger traffic is overwhelming. There is a lack of effective crowd control measures, leading to frustration and inconvenience for passengers.
2. Cleanliness: While the station is generally clean, there are areas that need improvement in terms of cleanliness, particularly in paid waiting areas.
3. Security check: The security check process can be slow and time-consuming, causing delays for passengers.
4. Ticketing facility: The ticketing facility is not well-organized, leading to long queues and wait times.
5. Porter facility: The porter facility is also not well-organized, leading to confusion and delays for passengers.
6. Scammers: There are scammers at the station entrance (baggage check area) who try to take advantage of unsuspecting passengers by offering fake directions or trying to sell them something they don't need. Passengers are advised to ignore these scammers and not fall for their tricks.
7. Overcrowding: The station is overcrowded, which can make it difficult for passengers to navigate the area and find their trains on time.
8. Limited amenities: While the station has some basic amenities such as food stalls and paid waiting areas, there is a lack of more advanced amenities such as elevators/escalators, public toilets, and affordable taxi/cab services.
9. Train on-time performance: Trains are generally on time, but passengers may face delays or cancellations due to various reasons such as traffic congestion, maintenance, or unforeseen circumstances.
10. Station layout: The station layout can be confusing for first-time visitors, with multiple entry points and platforms that can be difficult to navigate without proper signage or guidance.

Overall, while New Delhi Railway Station has its strengths in terms of train on-time performance and affordable taxi/cab services, there are areas that need improvement in terms of crowd management, cleanliness, security check process, ticketing facility, porter facility, scammers, overcrowding, limited amenities, and station layout to provide a more comfortable and seamless experience for passengers."
Old Delhi Railway Station,"The text you provided is a mix of positive and negative opinions about the Old Delhi Railway Station. Here's a summary of the main points:

Positive opinions:

* The station has a rich history and is one of the oldest and busiest railway stations in Delhi.
* The station's buildings are designed in the old British architectural style, which adds to its charm.
* The interior of the station is beautifully maintained, with well-designed ticket counters, waiting rooms, and platforms.
* The surrounding area of the station is home to several historical buildings and monuments, making it a unique and interesting place to visit.
* The station plays an important role in the city's transportation system, serving thousands of passengers every day.

Negative opinions:

* The government has neglected the cleaning and maintenance of the station, leading to a lack of attention to detail.
* The station is dirty and neglected, with no effort made to keep it clean or well-maintained.
* The government's Swachh Bharat Abhiyan (Clean India Mission) has failed to make any significant improvements to the station's cleanliness.
* The station's history and cultural heritage are being neglected, with no efforts made to preserve or promote them.

Overall, it seems that the Old Delhi Railway Station has a rich history and cultural significance, but has been neglected in recent years. Efforts to improve its cleanliness and maintenance would be beneficial for both the station's visitors and the city's tourism industry as a whole."
Sarai Kale Khan ISBT,"Sarai Kale Khan is a major bus terminal in Delhi that offers inter-state bus services to various destinations in Rajasthan, Haryana, Punjab, Himachal Pradesh, Jammu and Kashmir, and Madhya Pradesh. The bus stand is located near the Hazarat Nizamuddin Railway Station and is easily accessible by public transport, including metro and train services.

The bus terminal has a mix of government-run and private buses operating from here. However, some reviewers have reported that the place can be dirty and crowded, with lots of private buses and taxi drivers around. To avoid any inconvenience, it is recommended to stay away from these private bus operators and instead opt for government-run bus services.

Some reviewers have also reported that there are no express bus services available from Kashmiri Gate Bus Terminal in Delhi for Rajasthan, so it's best to get a ticket for Sarai Kale Khan if you want to travel to Jaipur or any other destination in Rajasthan.

In summary, Sarai Kale Khan is an excellent bus terminal in Delhi that offers connections to various destinations in the surrounding states. While some reviewers have reported negative experiences with private bus operators, government-run bus services are generally clean and quiet."
