MongoDB_Location,AppSheet_Location
"Airport, Sri Guru Ram Dass Jee International","Airport, Sri Guru Ram Dass Jee International"
Amritsar Junction,Amritsar Junction
Amritsar Bus Stand,Amritsar Bus Stand
Golden Temple (Sri Harmandir Sahib),Golden Temple (Sri Harmandir Sahib)
Shri Durgiana Temple,Shri Durgiana Temple
Bhagwan Valmiki Ram Tirath Asthan,Bhagwan Valmiki Ram Tirath Asthan
Mata Lal Devi Mandir,Mata Lal Devi Mandir
Gurudwara Chheharta Sahib,Gurudwara Chheharta Sahib
Gurudwara Bir Baba Budha Sahib Ji,Gurudwara Bir Baba Budha Sahib Ji
Attari - Wagah Border,Attari - Wagah Border
Jallianwala Bagh,Jallianwala Bagh
Gobindgarh Fort,Gobindgarh Fort
Pul Kanjri,Pul Kanjri
Sadda Pind living museum,Sadda Pind living museum
Maharaja Ranjit Singh Museum in Ram Bagh,Maharaja Ranjit Singh Museum in Ram Bagh
The Partition Museum,The Partition Museum
Harike Wetland and Bird Sanctuary,Harike Wetland and Bird Sanctuary
Rose Garden,Rose Garden
"Airport, Maharishi Valmiki International Ayodhya Dham","Airport, Maharishi Valmiki International Ayodhya Dham"
Ayodhya Junction,Ayodhya Junction
Ayodhya Dham Bus Station,Ayodhya Dham Bus Station
Ayodhya By Pass,Ayodhya By Pass
Faizabad Bus Stand,Faizabad Bus Stand
AYODHYA CANTT,AYODHYA CANTT
Shree Ram Janmabhoomi Mandir,Shree Ram Janmabhoomi Mandir
Shri Hanuman Garhi Mandir,Shri Hanuman Garhi Mandir
Dashrath Mahal,Dashrath Mahal
Kanak Bhawan,Kanak Bhawan
Ram Ki Paidi,Ram Ki Paidi
Ram Katha Sangrahalay,Ram Katha Sangrahalay
Tulasi Smarak Bhavan,Tulasi Smarak Bhavan
Shri Lakshman Kila,Shri Lakshman Kila
Birla Shree Sita Ram Mandir,Birla Shree Sita Ram Mandir
Guptar Ghat,Guptar Ghat
"Airport, Kempegowda International Bengaluru",Kempegowda International Airport Bengaluru
Krishnarajapuram Railway station,Krishnarajapuram Railway station
Mysore Road Satellite Bus Station,Mysore Road Satellite Bus Station
"KSRTC Bus Stand , Shanthinagara","KSRTC Bus Stand , Shanthinagara"
Majestic Bus Stand,Majestic Bus Stand
KSR Bengaluru City Junction,KSR Bengaluru City Junction (Bangalore)
Bengaluru Palace,Bengaluru Palace
Vidhana Soudha,Vidhana Soudha
Freedom Park (central jail park),Freedom Park
Bengaluru Fort,Bengaluru Fort
Tipu Sultan's Summer Palace,Tipu Sultan's Summer Palace
ISKCON temple Bangalore,ISKCON temple Bangalore
ISKCON Vaikuntha Hill,ISKCON Vaikuntha Hill
Sri Banashankari Temple,Sri Banashankari Temple
"St. Mary's Basilica, Bengaluru","St. Mary's Basilica, Bengaluru"
Shri Dharmaraya Swamy Temple,Shri Dharmarāya Swamy Temple
Jamia Masjid Bengaluru City,Jamia Masjid Bengaluru City
Shri Doddabasavanna (SRI BIG BULL TEMPLE),SRI BIG BULL TEMPLE (Shri Doddabasavanna Temple)
Cave temple Shri Gavi Gangadhareshwara Swamy Devasthana,Cave temple Shri Gavi Gangadhareshwara Swamy Devasthana
Ragigudda Shri Prasanna Anjaneyaswami Temple,Ragigudda Shri Prasanna Anjaneyaswami Temple
Shree Parshwa Susheel Dhaam Shwetamber Jain Temple,Shree Parshwa Susheel Dhaam Shwetamber Jain Temple
Indian Music Experience Museum,Indian Music Experience Museum
HAL Heritage Centre and Aerospace Museum,HAL Heritage Centre and Aerospace Museum
Visvesvaraya Industrial & Technological Museum,Visvesvaraya Industrial & Technological Museum
Jawaharlal Nehru Planetarium,Jawaharlal Nehru Planetarium
National Military Memorial Park,National Military Memorial Park
Rangoli Metro Art Center,Rangoli Metro Art Center
National Gallery of Modern Art,National Gallery of Modern Art
Karnataka Chitrakala Parishath,Karnataka Chitrakala Parishath
Jollywood Studios and Adventures (Film City),Jollywood Studios and Adventures (Film City)
Janapada Loka (Karnataka Folk Museum),Janapada Loka (Karnataka Folk Museum)
Pyramid Valley International,Pyramid Valley International
Shrungagiri Sri Shanmukha Swami Gudi,Shrungagiri Sri Shanmukha Swami Gudi
Nandi Hills,Nandi Hills
Hebbala Lake Park,Hebbala Lake Park
Sankey Tank,Sankey Tank
Ulsoor Lake,Ulsoor Lake
BTM Madiwala lake,BTM Madiwala lake
Jaya Prakash Narayana Biodiversity Park,Jaya Prakash Narayana Biodiversity Park
Cubbon Park,Cubbon Park
Lalbagh Botanical Garden,Lalbagh Botanical Garden
Bannerughatta Biological Park,Bannerughatta Biological Park
Muthyala Maduvu Falls (Pearl Valley),Muthyala Maduvu Falls (Pearl Valley)
Shivagange,Shivagange
Dodda Aalada Mara,Dodda Aalada Mara
Savanadurga Trek,Savanadurga Trek
Manchanabele Dam,Manchanabele Dam
Wonderla Amusement Park,Wonderla Amusement Park
Chandigarh Airport (Shaheed Bhagat Singh International),Chandigarh Airport (Shaheed Bhagat Singh International)
Chandigarh Junction railway station,Chandigarh Junction railway station
ISBT Sector-43,ISBT Sector-43
"Chandigarh Bus Terminus, Sector 17","Chandigarh Bus Terminus, Sector 17"
Sukhna Lake Chandigarh,Sukhna Lake Chandigarh
Zakir Hussain Rose Garden,Zakir Hussain Rose Garden
Rock Garden,Rock Garden
Japanese Garden,Japanese Garden
Garden of Fragrance,Garden of Fragrance
Chandigarh War Memorial park (Bougainvillea Park),Chandigarh War Memorial park (Bougainvillea Park)
Leisure Valley,Leisure Valley
Chandigarh Botanical Garden,Chandigarh Botanical Garden
Cactus Garden,Cactus Garden
Sukhna Wildlife Sanctuary,Sukhna Wildlife Sanctuary
Ghaggar River,Ghaggar River
Mahendra Chaudhary Zoological Park,Mahendra Chaudhary Zoological Park
Terraced Garden,Terraced Garden
Butterfly Park,Butterfly Park
Shanti Kunj Park,Shanti Kunj Park
Patiala Ki Rao Reserved Forest,Patiala Ki Rao Reserved Forest
Chandigarh Bird Park,Chandigarh Bird Park
"Yadavindra Gardens, Pinjore","Yadavindra Gardens, Pinjore"
Dhanas Lake,Dhanas Lake
Shri Mata Mansa Devi Temple,Shri Mata Mansa Devi Temple
ISKCON Temple Chandigarh,ISKCON Temple Chandigarh
"Gurudwara 10th Paatshahi Sri Nada Sahib, Panchkula","Gurudwara 10th Paatshahi Sri Nada Sahilb, Panchkula"
Gurdwara Shri Guru Teg Bahadur Sahib,Gurdwara Shri Guru Teg Bahadur Sahib
"Gurdwara Singh Shaheedan, Sohana","Gurdwara Singh Shaheedan, Sohana"
Shirdi Sai Samaj Sai Temple,Shirdi Sai Samaj Sai Temple
Christ The King Cathedral,Christ The King Cathedral
Jama Masjid,"Jama Masjid, Delhi"
Shri Digambar Jain Mandir,Shri Digambar Jain Mandir
Fateh Burj - Baba Banda Singh Bahadur War Memorial,Fateh Burj - Baba Banda Singh Bahadur War Memorial
Capitol Complex Tourist Center,Capitol Complex Tourist Center
"Government Museum and Art Gallery , History Museum, Architecture Museum","Government Museum and Art Gallery, History Museum, Architecture Museum"
Indian Air Force Heritage Museum,Indian Air Force Heritage Museum
International Dolls Museum,International Dolls Museum
Le Corbusier Centre,Le Corbusier Centre
Sector 17 Plaza,Sector 17 Plaza
Nexus Elante Mall,Nexus Elante Mall
VR Punjab,VR Punjab
DLF City Centre Mall,DLF City Centre Mall
Paras Downtown Square Mall,Paras Downtown Square Mall
Chennai International Airport,Chennai International Airport
Chennai Mofussil Bus Terminus (CMBT) Koyambedu,Chennai Mofussil Bus Terminus (CMBT) Koyambedu
Egmore Railway Station,Egmore Railway Station
Chennai Central Railway Station,Chennai Central Railway Station
Madhavaram Mofussil Bus Terminus,Madhavaram Mofussil Bus Terminus
Mahabalipuram Shore Temple,Mahabalipuram Shore Temple
Arulmigu Kanthasamy Temple Thiruporur,Arulmigu Kanthasamy Temple Thiruporur
ISKCON Chennai,ISKCON Chennai
Arulmigu Sri Varadharaja Perumal Temple,Arulmigu Sri Varadharaja Perumal Temple
Arulmigu Thiruthani Murugan Temple,Arulmigu Thiruthani Murugan Temple
Sri Kamakshi Amman Temple mangadu,Sri Kamakshi Amman Temple mangadu
St. Thomas Mount,St. Thomas Mount
Arulmigu Vadapalani Murugan Temple,Arulmigu Vadapalani Murugan Temple
Kandhakottam Temple,Kandhakottam Temple
Walajah Big Mosque,Walajah Big Mosque
Arulmigu Sri Parthasarathy Perumal Temple Tiruvallikeni,Arulmigu Sri Parthasarathy Perumal Temple Tiruvallikeni
San Thome Basilica,San Thome Basilica
Kapaleeshwarar Temple,Kapaleeshwarar Temple
Arulmigu Marundeeswarar Temple,Arulmigu Marundeeswarar Temple
Shri Ashtalakshmi Temple,"Shri Ashtalakshmi Temple, Hyderabad"
Annai Velankanni Shrine,Annai Velankanni Shrine
Marina Beach,Marina Beach
Edward Elliot's Beach (Besant Nagar Beach),Edward Elliot's Beach (Besant Nagar Beach)
Thiruvalluvar Nagar Beach (Breezy Beach),Thiruvalluvar Nagar Beach (Breezy Beach)
Neelangarai Beach (Olive Beach),Neelangarai Beach (Olive Beach)
Kovalam Beach ,Kovalam Beach
The Madras Crocodile Bank Trust and Centre for Herpetology,The Madras Crocodile Bank Trust and Centre for Herpetology
Kovalam Creek (The Great Salt Lake),Kovalam Creek (The Great Salt Lake)
Arignar Anna Zoological Park,Arignar Anna Zoological Park
Vedanthangal Bird Sanctuary,Vedanthangal Bird Sanctuary
Snake Park (Guindy National Park),Snake Park (Guindy National Park)
Puzhal Lake (Red Hills Lake),Puzhal Lake (Red Hills Lake)
Chembarambakkam Lake,Chembarambakkam Lake
Adyar River,Adyar River
Cooum River,Cooum River
Adyar Eco-Park (Tholkappia Poonga),Adyar Eco-Park (Tholkappia Poonga)
Semmozhi Poonga,Semmozhi Poonga
Anna Nagar Tower Park,Anna Nagar Tower Park
Chennai Rail Museum,Chennai Rail Museum
Dakshina Chitra Heritage Museum,Dakshina Chitra Heritage Museum
Cholamandal Artists Village,Cholamandal Artists Village
Kalakshetra Foundation,Kalakshetra Foundation
B.M. Birla Planetarium,B.M. Birla Planetarium
Vivekananda House (Ice House),Vivekananda House (Ice House)
Fort St.George Museum,Fort St. George Museum
Government Museum Chennai,Government Museum Chennai
Lalit Kala Academy,Lalit Kala Academy
VGP Universal Kingdom,VGP Universal Kingdom
MGM Dizzee World,MGM Dizzee World
Queensland Amusement Park,Queensland Amusement Park
Airport Terminal 1 (Indira Gandhi International),Airport Terminal 1 (Indira Gandhi International)
Airport Terminal 3 (Indira Gandhi International),Airport Terminal 3 (Indira Gandhi International)
Airport Terminal 2 (Indira Gandhi International),Airport Terminal 2 (Indira Gandhi International)
Hazrat Nizamuddin,Hazrat Nizamuddin
Sarai Kale Khan ISBT,Sarai Kale Khan ISBT
Kashmiri Gate ISBT (Maharana Pratap),Kashmiri Gate ISBT (Maharana Pratap)
New Delhi Railway Station,New Delhi Railway Station
Old Delhi Railway Station,Old Delhi Railway Station
Delhi Sarai Rohilla,Delhi Sarai Rohilla
Delhi Cantt Railway Station,Delhi Cantt Railway Station
Anand Vihar Railway Station,Anand Vihar Railway Station
Kaushambi bus stand (ISBT Anand Vihar),Kaushambi bus stand (ISBT Anand Vihar)
Dhaula Kuan Bus Stand,Dhaula Kuan Bus Stand
Connaught Place,Connaught Place
Red Fort,Red Fort
Rajghat (Mahatma Gandhi memorial),Rajghat (Mahatma Gandhi memorial)
Agrasen ki Baoli,Agrasen ki Baoli
Jantar Mantar,Jantar Mantar
Rashtrapati Bhavan,Rashtrapati Bhavan
India Gate,India Gate
"Safdarjung Tomb, Delhi","Safdarjung Tomb, Delhi"
Humayun’s Tomb,Humayun's Tomb
Qutub Minar,Qutub Minar
Feroz Shah Kotla Fort,Feroz Shah Kotla Fort
Hauz Khas Village complex (Deer park),Hauz Khas Village complex (Deer park)
Purana Quila,Purana Quila
Tughlaqabad Fort,Tughlaqabad Fort
Mehrauli Archaeological Park,Mehrauli Archaeological Park
Akshardham temple,Akshardham temple
Dargah Nizamuddin Aulia,Dargah Nizamuddin Aulia
Lotus Temple,Lotus Temple
ISKCON Temple,ISKCON Temple
Hanuman Mandir Karol bagh,Hanuman Mandir Karol bagh
Gurudwara Sri Bangla Sahib,Gurudwara Sri Bangla Sahib
Shri Laxmi Narayan Temple (Birla Mandir),Shri Laxmi Narayan Temple (Birla Mandir)
Chattarpur Mandir,Chattarpur Mandir
Tibetan Monastery (Majnu ka tila),Tibetan Monastery (Majnu ka tila)
"National Science Centre, Delhi","National Science Centre, Delhi"
National Crafts Museum & Hastkala Academy,National Crafts Museum & Hastkala Academy
Shankar's International Dolls Museum,Shankar's International Dolls Museum
"National Museum, New Delhi","National Museum, New Delhi"
National Rail Museum,National Rail Museum
Sulabh International Museum Of Toilets,Sulabh International Museum Of Toilets
Sanskriti Kendra,Sanskriti Kendra
"Indira Gandhi Memorial Museum, Delhi","Indira Gandhi Memorial Museum, Delhi"
Nehru Planetarium,Nehru Planetarium
Prime minister Museum & Library,Prime minister Museum & Library
Museum of Illusions,Museum of Illusions
National Zoological Park,National Zoological Park
Okhla Bird Sanctuary,Okhla Bird Sanctuary
Central Ridge Forest,Central Ridge Forest
Lodhi Garden,Lodhi Garden
Sanjay Van,Sanjay Van
The Garden of Five Senses,The Garden of Five Senses
Indraprastha Park,Indraprastha Park
Nehru Park,Nehru Park
Dabolim Airport (Goa International Airport),Dabolim Airport (Goa International Airport)
Vasco da Gama Railway Station,Vasco da Gama Railway Station
Madgaon Junction,Madgaon Junction
Karmali Railway Station,Karmali Railway Station
Mopa Airport (Manohar International Airport),Mopa Airport (Manohar International Airport)
Thivim Railway Station,Thivim Railway Station
Panjim Bus Stand,Panaji Bus Stand
Mapusa Bus Stand,Mapusa Bus Stand
Morjim Beach,Morjim Beach
Vagator Beach,Vagator Beach
Anjuna Beach,Anjuna Beach
Baga Beach,Baga Beach
Calangute Beach,Calangute Beach
Colva Beach,Colva Beach
Palolem Beach,Palolem Beach
Chapora river,Chapora river
Mandovi River,Mandovi River
Zuari River,Zuari River
Salaulim Dam,Salaulim Dam
Dudhsagar Falls,Dudhsagar Falls
Harvalem Waterfalls,Harvalem Waterfalls
Dolphin point,Dolphin point
Immaculate Conception Church,Immaculate Conception Church
 Se Cathedral & Church of St. Francis of Assisi,Church of St. Francis of Assisi
Basilica of Bom Jesus,Basilica of Bom Jesus
Shree Mangesh temple,Shree Mangesh temple
Shree Shantadurga Temple,Shree Shantadurga Mandir
Aguada Fort,Aguada Fort
Chapora Fort,Chapora Fort
Reis Magos Fort,Reis Magos Fort
Cabo de Rama Fort,Cabo de Rama Fort
Goa State Museum,Goa State Museum
Archaeological Museum of Goa,Archaeological Museum of Goa
Goa Chitra Museum,Goa Chitra Museum
Indian Naval Aviation Museum,Indian Naval Aviation Museum
Museum Of Goa,Museum Of Goa
Casino on cruise,Casino on cruise
Tito's Lane,Tito's Lane
Anjuna flea market,Anjuna flea market
Cotigao Wildlife Sanctuary,Cotigao Wildlife Sanctuary
Mollem National Park & Bhagwan Mahavir Wildlife Sanctuary,Mollem National Park & Bhagwan Mahavir Wildlife Sanctuary
Salim Ali Bird Sanctuary,Salim Ali Bird Sanctuary
Tropical Spice Plantation,Tropical Spice Plantation
Sahakari Spice Farm,Sahakari Spice Farm
Bondla Wildlife Sanctuary,Bondla Wildlife Sanctuary
Rajiv Gandhi International Airport,Rajiv Gandhi International Airport
Jubilee Bus Station (JBS),Jubilee Bus Station (JBS)
Secunderabad Junction,Secunderabad Junction
Mahatma Gandhi Bus Station (MGBS),Mahatma Gandhi Bus Station (MGBS)
Hyderabad Deccan (Nampally) Railway Station,Hyderabad Deccan (Nampally) Railway Station
Kacheguda Railway Station,Kacheguda Railway Station
Charminar,Charminar
Chowmahalla Palace,Chowmahalla Palace
Golconda Fort,Golconda Fort
Qutub Shahi Tombs,Qutub Shahi Tombs
Bhuvanagiri Fort,Bhuvanagiri Fort
Buddha statue in Hussain Sagar,Buddha statue in Hussain Sagar
B.M. Birla Science Center,B.M. Birla Science Center
Telangana State Archaeology Museum,Telangana State Archaeology Museum
Shilparamam,Shilparamam
Salar Jung Museum,Salar Jung Museum
The Nizam's Museum,The Nizam's Museum
Ramoji Film City,Ramoji Film City
Kalakriti Art Gallery,Kalakriti Art Gallery
Falaknuma Palace,Falaknuma Palace
Sri Chilkur Balaji Temple,Sri Chilkur Balaji Temple
Sri Peddamma Talli Temple,Sri Peddamma Talli Temple
"Sri Jagannath Mandir, Banjara Hills","Sri Jagannath Mandir, Banjara Hills"
Birla Mandir,"Birla Mandir, Kolkata"
"Gurudwara Saheb, Ameerpet","Gurudwara Saheb, Ameerpet"
ISKCON - Sri Sri Radha Madan Mohan Temple,ISKCON - Sri Sri Radha Madan Mohan Temple
St Joseph's Cathedral,St Joseph's Cathedral
Makkah Masjid,Makkah Masjid
Keesaragutta Sri Rama Lingeshwara Swamy Temple,Keesaragutta Sri Rama Lingeshwara Swamy Temple
Yadadri Sri Lakshmi Narasimha Swamy Devastanam,Yadadri Sri Lakshmi Narasimha Swamy Devastanam
C.S.I All Saints' Church,C.S.I All Saints' Church
C.S.I Medak Cathedral,C.S.I Medak Cathedral
Shri Shirdi Sai Baba Sansthan Trust,Shri Shirdi Sai Baba Sansthan Trust
Sri Karmanghat Hanuman Devastanam,Sri Karmanghat Hanuman Devastanam
Sri Bhramaramba Mallikarjuna Swamy varla Devasthanam,Sri Bhramaramba Mallikarjuna Swamy varla Devasthanam
Kanha Shanti Vanam,Kanha Shanti Vanam
Sanghi Temple,Sanghi Temple
Osman Sagar,Osman Sagar
Himayat Sagar Lake,Himayat Sagar Lake
Nehru Zoological Park,Nehru Zoological Park
Sri Kotla Vijaybhaskar Reddy Botanical Garden,Sri Kotla Vijaybhaskar Reddy Botanical Garden
Gandipet Landscape Park,Gandipet Landscape Park
Durgam Cheruvu Secret Lake,Durgam Cheruvu Secret Lake
Lumbini Park,Lumbini Park
NTR Gardens,NTR Gardens
Sanjeevaiah Children's Park,Sanjeevaiah Children's Park
Indira Park,Indira Park
Safilguda Lake Park,Safilguda Lake Park
Shamirpet lake Deer Park,Shamirpet lake Deer Park
Kasu Brahmanandha Reddy National Park (KBR),Kasu Brahmanandha Reddy National Park (KBR)
Lotus Pond,Lotus Pond
Krishna Kanth Park,Krishna Kanth Park
Jaipur International Airport,Jaipur International Airport
Sindhi Camp Bus Station,Sindhi Camp Bus Station
Jaipur Junction,Jaipur Junction
Gandhi Nagar Railway Station,Gandhi Nagar Railway Station
Durgapura Railway Station,Durgapura Railway Station
(NSC) Narayan Singh Circle Bus Stand ,(NSC) Narayan Singh Circle Bus Stand
Hawa Mahal,Hawa Mahal
Amber Palace,Amber Palace
The City Palace,The City Palace
Jaigarh Fort,Jaigarh Fort
Nahargarh Fort,Nahargarh Fort
Jal Mahal (Man Sagar Lake),Jal Mahal (Man Sagar Lake)
Gaitor Ki Chhatriyan,Gaitor Ki Chhatriyan
Patrika Gate (Jawahar Circle),Patrika Gate (Jawahar Circle)
Bhangarh Fort,Bhangarh Fort
Panna Meena ka Kund,Panna Meena ka Kund
Chand Baori,Chand Baori
Shakambari Jheel,Shakambari Jheel
Jhalana Leopard Safari Park,Jhalana Leopard Safari Park
Central Park,Central Park
Amar Jawan Jyoti,Amar Jawan Jyoti
Kanak Vrindavan Park,Kanak Vrindavan Park
Sisodia Rani ka Bagh & Vidyadhar Bagh,Sisodia Rani ka Bagh & Vidyadhar Bagh
Nahargarh Biological Park,Nahargarh Biological Park
"Govind Dev Ji Temple, Thikana mandir","Govind Dev Ji Temple, Thikana mandir"
Moti Dungri Ganesh Ji Temple,Moti Dungri Ganesh Ji Temple
Galta Ji Temple (Monkey Temple),Galta Ji Temple (Monkey Temple)
Shree Khole Ke Hanuman Ji Temple,Shree Khole Ke Hanuman Ji Temple
"Jain Temple Sanghi Ji, Sanganer .","Jain Temple Sanghi Ji, Sanganer."
Shri Guru Singh Sabha Gurudwara,Shri Guru Singh Sabha Gurudwara
Shri garh ganesh ji temple,Shri garh ganesh ji temple
"ISKCON Temple, Jaipur","ISKCON Temple, Jaipur"
Shri Jagat Shiromani ji Temple,Shri Jagat Shiromani ji Temple
Chulgiri Jain Thirth,Chulgiri Jain Thirth
Mehandipur Balaji,Mehandipur Balaji
Albert Hall Museum,Albert Hall Museum
Pratap Celebrity Wax Museum Jaipur,Pratap Celebrity Wax Museum Jaipur
Anokhi Museum,Anokhi Museum
Jawahar Kala Kendra,Jawahar Kala Kendra
Jaisalmer Airport,Jaisalmer Airport
Railway station Jaisalmer,Railway station Jaisalmer
RSRTC Bus stand,RSRTC Bus stand
Private bus stand,Private bus stand
Jaisalmer Fort,Jaisalmer Fort
Kothari's Patwon Ki Haveli / Patwa Haveli,Kothari's Patwon Ki Haveli / Patwa Haveli
Nathmal Ki Haveli,Nathmal Ki Haveli
Salam Singh Ki Haweli (Moti Mahal),Salam Singh Ki Haweli (Moti Mahal)
Bada Bagh,Bada Bagh
Vyas Chhatri,Vyas Chhatri
Kuldhara Heritage Village,Kuldhara Heritage Village
Khaba fort,Khaba fort
Thar desert sand dunes & camps,Thar desert sand dunes & camps
Gadisar Lake,Gadisar Lake
Shri Tanot Mata Temple,Shri Tanot Mata Temple
Lodurva Parshwanatha Jain Temple,Lodurva Parshwanatha Jain Temple
Thar Heritage Museum,Thar Heritage Museum
Government Museum Jaisalmer,Government Museum Jaisalmer
Longewala War Memorial,Longewala War Memorial
Heritage Mandir Palace,Heritage Mandir Palace
Desert Cultural Centre (puppet show),Desert Cultural Centre (puppet show)
Jaisalmer War Museum,Jaisalmer War Museum
Jodhpur Airport,Jodhpur Airport
Jodhpur Railway Station,Jodhpur Railway Station
Bhagat Ki Kothi Railway Station,Bhagat Ki Kothi Railway Station
Jodhpur Bus Stand (Raika Bagh),Jodhpur Bus Stand (Raika Bagh)
Mehrangarh Fort,Mehrangarh Fort
Umaid Bhawan Palace,Umaid Bhawan Palace
Jaswant Thada,Jaswant Thada
Ghanta Ghar Jodhpur,Ghanta Ghar Jodhpur
Toorji Ka Jhalra Bavdi,Toorji Ka Jhalra Bavdi
Sardar Government Museum,Sardar Government Museum
Osiyan sacchiyay Mata Temple,Osiyan sacchiyay Mata Temple
Mahamandir Temple,Mahamandir Temple
Ganesh Temple Ratanada,Ganesh Temple Ratanada
Kayalana Lake,Kayalana Lake
Masuria Hill Garden,Masuria Hill Garden
Mandore Garden,Mandore Garden
Airport (Netaji Subhash Chandra Bose International),Netaji Subhash Chandra Bose International Airport
Babughat Bus Stand,Babughat Bus Stand
Howrah Junction,Howrah Junction
Sealdah Railway station,Sealdah Railway station
Karunamoyee bus stand,Karunamoyee bus stand
Esplanade Bus Stop,Esplanade Bus Stop
Howrah Bridge,Howrah Bridge
James Prinsep Monument,James Prinsep Monument
Victoria Memorial,Victoria Memorial
Eden Gardens,Eden Gardens
Dakshineswar Kali Temple,Dakshineswar Temple
Belur Math,Belur Math
Pareshnath Jain Temple kolkata,Pareshnath Jain Temple kolkata
Nakhoda Masjid,Nakhoda Masjid
St. Paul's Cathedral,St. Paul Cathedral Church
Gurdwara Sant kutia,Gurdwara Sant kutiya
Kalighat Mandir Shaktipeeth,Kalighat Mandir Shaktipeeth
"The Basilica of the Holy Rosary, Bandel (Bandel Church)","(Bandel Church) The Basilica of the Holy Rosary, Bandel"
Science City - Kolkata,Science City - Kolkata
Kolkata Centre for Creativity,Kolkata Centre for Creativity
Jorasanko Thakurbari,Jorasanko Thakurbari
Marble Palace,Marble Palace
Metcalfe Hall,Metcalfe Hall
Indian Museum,Indian Museum
"Nandan, West Bengal Film Centre & Academy of Fine Arts & Rabindra Sadan","Nandan, West Bengal Film Centre & Academy of Fine Arts & Rabindra Sadan"
Nehru Children's Museum,Nehru Children's Museum
M.P. Birla Planetarium,M.P. Birla Planetarium
Netaji Bhawan,Netaji Bhawan
Birla Industrial & Technological Museum,Birla Industrial & Technological Museum
Sarat Chandra Chattopadhyay Kuthi,Sarat Chandra Chattopadhyay Kuthi
"Indian Botanic Garden, Acharya Jagadish Chandra Bose ","Indian Botanic Garden, Acharya Jagadish Chandra Bose"
"Zoological Garden, Alipore","Zoological Garden, Alipore"
Rabindra Sarobar Lake,Rabindra Sarobar Lake
Subhash Sarobar Lake,Subhas Sarobar Lake
Eco Park,Eco Park
Nicco park,Nicco park
Nalban Park,Nalban Park
East Calcutta Wetlands,East Calcutta Wetlands
Kolkata River Cruise,Kolkata River Cruise
Manali Bus Stand (HRTC Bus Stand),Manali Bus Stand (HRTC Bus Stand)
Private Volvo Bus Stand,Private Volvo Bus Stand
Shri Vashishtha Temple,Shri Vashishtha Temple
Hadimba Devi Temple,Hadimba Devi Temple
Shri Anjani Mahadev Mandir,Shri Anjani Mahadev Mandir
"Manu Temple, Old Manali","Manu Temple, Old Manali"
"Buddhist Monastery, Gadhan Thekchhokling Gompa ","Buddhist Monastery, Gadhan Thekchhokling Gompa"
Himalayan Nyinmapa Buddhist Monastery,Himalayan Nyinmapa Buddhist Monastery
Mall Road Market,Mall Road Market
Rohtang La,Rohtang La
Solang Valley,Solang Valley
Hampta Pass Trek,Hampta Pass Trek
Jogini Falls,Jogini Falls
Nehru Kund,Nehru Kund
Bhrigu Lake,Bhrigu Lake
Manali wildlife sanctuary,Manali wildlife sanctuary
Van Vihar National Park,Van Vihar National Park
Naggar Castle,Naggar Castle
"Prem Mandir, Vrindavan","Prem Mandir, Vrindavan"
Sri Sri Krishna Balaram Mandir (ISKCON Vrindavan),Sri Sri Krishna Balaram Mandir (ISKCON Vrindavan)
Shri Krishna Janmasthan,Shri Krishna Janmasthan
"Shri Dwarkadhish Temple, Mathura","Shri Dwarkadhish Temple, Mathura"
Birla Gita Temple,Birla Gita Temple
"Shri Banke Bihari Temple, Vrindavan","Shri Banke Bihari Temple, Vrindavan"
"Shri Radha Raman Temple, Vrindavan","Shri Radha Raman Temple, Vrindavan"
"Shri Radha Rani Temple, Barsana","Shri Radha Rani Temple, Barsana"
Rangnath Mandir (Shri Rangji Mandir),Rangnath Mandir (Shri Rangji Mandir)
Vrindavan Chandrodaya Mandir,Vrindavan Chandrodaya Mandir
"Shri Pagal Baba Temple, Vrindavan","Shri Pagal Baba Temple, Vrindavan"
"Maa Vaishno Devi Dham, Vrindavan","Maa Vaishno Devi Dham, Vrindavan"
Gokul Dham,Gokul Dham
"Shri Nand Baba Temple, Nandgaon","Shri Nand Baba Temple, Nandgaon"
Shri Shani Mandir Kokilavan,Shri Shani Mandir Kokilavan
Mathura Chaurasi Digamber Jain Temple,Mathura Chaurasi Digamber Jain Temple
Shri Raman Bihariji Mandir,Shri Raman Bihariji Mandir
"Government Museum, Mathura","Government Museum, Mathura"
"Kans Quila, Mathura","Kans Quila, Mathura"
Yamuna river,Yamuna river
Vishram Ghat,Vishram Ghat
Keshi Ghat,Keshi Ghat
Nidhivan,Nidhivan
Seva Kunj,Seva Kunj
Govardhan hill,Govardhan hill
"Potra Kund, Mathura","Potra Kund, Mathura"
Radha Kund & Shyam Kund,Radha Kund & Shyam Kund
"Kusum Sarovar, Govardhan","Kusum Sarovar, Govardhan"
Mathura Junction,Mathura Junction
Mathura Cantt,Mathura Cantt
New Bus Stand,New Bus Stand
"Bus Stand, Govardhan","Bus Stand, Govardhan"
Vrindavan Bus Stand,Vrindavan Bus Stand
Airport Terminal 2 (Chhatrapati Shivaji Maharaj International),Airport Terminal 2 (Chhatrapati Shivaji Maharaj International)
Airport Terminal 1 (Chhatrapati Shivaji Maharaj International),Airport Terminal 1 (Chhatrapati Shivaji Maharaj International)
Bandra Terminus,Bandra Terminus
Lokmanya Tilak Terminus (LTT),Lokmanya Tilak Terminus (LTT)
Dadar Railway Station,Dadar Railway Station
Mumbai Central Railway Station,Mumbai Central Railway Station
Chhatrapati Shivaji Maharaj Terminus,Chhatrapati Shivaji Maharaj Terminus
Kurla Nehru Nagar ST ,Kurla Nehru Nagar ST
Mumbai Central Bus Depot [MSRTC],Mumbai Central Bus Depot [MSRTC]
MSRTC Shivneri Bus stand Dadar,MSRTC Shivneri Bus stand Dadar
MSRTC Bus stand Thane - Vandana,MSRTC Bus stand Thane - Vandana
Borivali Nancy Colony Bus Stand,Borivali Nancy Colony Bus Stand
Dukaan Borivali East,Dukaan Borivali East
Elephanta Caves,Elephanta Caves
Kanheri Caves,Kanheri Caves
Vasai Fort,Vasai Fort
Jogeshwari Caves,Jogeshwari Caves
Madh Fort,Madh Fort
Bandra Fort,Bandra Fort
Flora Fountain,Flora Fountain
Gateway Of India,Gateway Of India
Shivadi fort and Flamingo Point,Shivadi fort and Flamingo Point
Bandra Worli Sea Link Bridge,Bandra Worli Sea Link Bridge
Marine Drive,Marine Drive
Global Vipassana Pagoda,Global Vipassana Pagoda
ISKCON Mandir - Juhu,ISKCON Mandir - Juhu
Gaondevi Temple & Gilbert Hill,Gaondevi Temple & Gilbert Hill
Basilica of Our Lady of the Mount,Basilica of Our Lady of the Mount
Shree Siddhivinayak Temple,Shree Siddhivinayak Temple
BAPS Shri Swaminarayan Mandir,BAPS Shri Swaminarayan Mandir
Haji Ali Dargah,Haji Ali Dargah
Shri Mahalakshmi Temple,Shri Mahalakshmi Temple
Shree Babulnath Mandir,Shree Babulnath Mandir
ISKCON Chowpatty (Sri Sri Radha Gopinath Mandir),ISKCON Chowpatty (Sri Sri Radha Gopinath Mandir)
Juma Masjid,Juma Masjid
Shri Mumbadevi Temple,Shri Mumbadevi Temple
St. Thomas’ Cathedral,St. Thomas' Cathedral
Zoo (Veermata Jijabai Bhosale Botanical Udyan),Zoo (Veermata Jijabai Bhosale Botanical Udyan)
Gorai Beach,Gorai Beach
Aksa Beach,Aksa Beach
Versova Beach,Versova Beach
Juhu Beach,Juhu Beach
Girgaon Chowpatty,Girgaon Chowpatty
Powai Lake,Powai Lake
Chhota Kashmir Park.,Chhota Kashmir Park.
Vihar Lake,Vihar Lake
Tulsi Lake,Tulsi Lake
Sanjay Gandhi National Park,Sanjay Gandhi National Park
Bandstand Promenade,Bandstand Promenade
Oval Maidan,Oval Maidan
Hanging Gardens,Hanging Gardens
Alibaug Beach,Alibaug Beach
Karnala Bird Sanctuary,Karnala Bird Sanctuary
Matheran Hill Station,Matheran Hill Station
Lonavala and Khandala,Lonavala and Khandala
Film city Dadasaheb Phalke,Film city Dadasaheb Phalke
RBI Monetary Museum,RBI Monetary Museum
"The Asiatic Society, Mumbai","The Asiatic Society, Mumbai"
Jehangir Art Gallery,Jehangir Art Gallery
Chhatrapati Shivaji Maharaj Vastu Sangrahalaya,Chhatrapati Shivaji Maharaj Vastu Sangrahalaya
Nehru planetarium,"Nehru planetarium, Mumbai"
Nehru Science Centre,Nehru Science Centre
Mani Bhavan Gandhi Sangrahalaya,Mani Bhavan Gandhi Sangrahalaya
Essel World,Essel World
Imagica,Imagica
Picture palace bus station,Picture palace bus station
Library Bus stand ,Library Bus stand
Dehradun Railway Station,Dehradun Railway Station
Kempty Fall Taxi Stand,Kempty Fall Taxi Stand
Kempty Falls,Kempty Falls
Lal Tibba Scenic Point,Lal Tibba Scenic Point
Gun Hill,Gun Hill
Mall road,Mall road
Company Garden,Company Garden
Mussorie Lake,Mussorie Lake
Jharipani Waterfall,Jharipani Waterfall
Cloud’s End,Cloud's End
George Everest House,George Everest House
Happy Valley Tibetan Buddhist Temple,Happy Valley Tibetan Buddhist Temple
Bhatta falls,Bhatta falls
"Nainital Bus Stand, Tallital","Nainital Bus Stand, Tallital"
Kathgodam Railway Station,Kathgodam Railway Station
Nainital Lake,Nainital Lake
Snow View point,Snow View point
G B Pant High Altitude Zoo,G B Pant High Altitude Zoo
Eco Cave Park,Eco Cave Park
Tiffin Top,Tiffin Top
Naina Peak East,Naina Peak East
Himalayan Botanical Garden,Himalayan Botanical Garden
Himalaya Darshan viewpoint,Himalaya Darshan viewpoint
Mall Road,Mall Road
Raj Bhawan Governor House,Raj Bhawan Governor House
Jim Corbett Gurney House,Jim Corbett Gurney House
Woodland water fall nainital,Woodland water fall nainital
"Sankat Mochan Mandir,Hanuman Garhi","Sankat Mochan Mandir, Hanuman Garhi"
"Shree Maa Naina Devi Temple, Nainital","Shree Maa Naina Devi Temple, Nainital"
Kainchi Dham - Shri Neeb Karori Baba Ashram,Kainchi Dham - Shri Neeb Karori Baba Ashram
St John in the Wilderness Church,St John in the Wilderness Church
"Golu Devta Temple (Bell Temple), Ghorakhal","Golu Devta Temple (Bell Temple), Ghorakhal"
Sattal Lake,Sattal Lake
Bhim Taal Lake,Bhim Taal Lake
Naukuchia Taal,Naukuchia Taal
Sariyatal,Sariyatal
Khurpatal Lake,Khurpatal Lake
Pune International Airport,Pune International Airport
Pune Junction,Pune Junction
Swargate Bus Stand,Swargate Bus Stand
MSRTC ST Pune Station Bus Stand,MSRTC ST Pune Station Bus Stand
Hadapsar Railway Station,Hadapsar Railway Station
Khadki Railway Station,Khadki Railway Station
Vallabhnagar State Transport Bus Stand,Vallabhnagar State Transport Bus Stand
Chinchwad Railway Station Queens Town Side,Chinchwad Railway Station Queens Town Side
Chatrapati Shivaji Maharaj Nagar,Chatrapati Shivaji Maharaj Nagar
Sinhagad Fort,Sinhagad Fort
Rajgad Fort,Rajgad Fort
Torna Fort,Torna Fort
Purandar Fort,Purandar Fort
Tikona Fort,Tikona Fort
Lohgad Fort,Lohgad Fort
Shaniwar Wada,Shaniwar Wada
Laal Mahal,Laal Mahal
Aga Khan Palace,Aga Khan Palace
Karla Caves,Karla Caves
Raja Dinkar Kelkar Museum,Raja Dinkar Kelkar Museum
Blades of Glory Cricket Museum,Blades of Glory Cricket Museum
Pimpri Chinchwad Science Park,Pimpri Chinchwad Science Park
Mahatma Phule Museum,Mahatma Phule Museum
Dr Babasaheb Ambedkar Museum & Memorial,Dr Babasaheb Ambedkar Museum & Memorial
Late Sanjay Mahadeo Nimhan Gram Sanskruti Udyan,Late Sanjay Mahadeo Nimhan Gram Sanskruti Udyan
Shreemant Dagdusheth Halwai Ganpati Mandir,Shreemant Dagdusheth Halwai Ganpati Mandir
Parvati Hill & Hill top Temples,Parvati Hill & Hill top Temples
Shri Chatushrungi Devi Temple,Shri Chatushrungi Devi Temple
Shri Siddhivinayak Ganesh Mandir Sarasbaug,Shri Siddhivinayak Ganesh Mandir Sarasbaug
Mahadji Shinde Chhatri,Mahadji Shinde Chhatri
ISKCON NVCC Pune,ISKCON NVCC Pune
"Shri Khandoba Mandir, Jejuri","Shri Khandoba Mandir, Jejuri"
Bhuleshwar Temple,Bhuleshwar Temple
BAPS Shri Swaminarayan Mandir Pune,BAPS Shri Swaminarayan Mandir Pune
"Katraj Jain Temple, Aagam Mandir","Katraj Jain Temple, Aagam Mandir"
St. Patrick’s Cathedral,St. Patrick's Cathedral
Prati Balaji Mandir,Prati Balaji Mandir
Bhimashankar Jyotirlinga,Bhimashankar Jyotirlinga
"Shree Sant Dnyaneshwar Maharaj Samadhi Mandir, Alandi",Shree Sant Dnyaneshwar Maharaj Samadhi Mandir
"Shri Prati Shirdi Sai Baba Temple, Shirgaon","Shri Prati Shirdi Sai Baba Temple, Shirgaon Ramdara temple"
Shree Chintamani Vinayaka Temple Theur,Shree Chintamani Vinayaka Temple Theur
Pashan Lake,Pashan Lake
Osho Garden,Osho Garden
Pune-Okayama Friendship Garden,Pune-Okayama Friendship Garden
Rajiv Gandhi Zoological Park,Rajiv Gandhi Zoological Park
Empress Botanical Garden,Empress Botanical Garden
Khadakwasla Dam,Khadakwasla Dam
Taljai Hills,Taljai Hills
Vetal Hill,Vetal Hill
Mula Mutha River,Mula Mutha River
Lavasa,Lavasa
Chhatrapati Sambhaji Maharaj garden,Chhatrapati Sambhaji Maharaj garden
Rishikesh bus station,Rishikesh bus station
Jolly Grant Airport - Dehradun,Jolly Grant Airport - Dehradun
Railway station rishikesh,Railway station rishikesh
Ram jhula,Ram jhula
Lakshman Jhula,Lakshman Jhula
Janki Jhula,Janki Jhula
Ganga Beach,Ganga Beach
Goa Beach Rishikesh,Goa Beach Rishikesh
Neer Waterfall,Neer Waterfall
The Secret Waterfall,The Secret Waterfall
Patna Garud Chatti Waterfall,Patna Garud Chatti Waterfall
Shivpuri (River Rafting),Shivpuri (River Rafting)
Rajaji National Park,Rajaji National Park
Marine Drive( Aastha Path ),Marine Drive (Aastha Path)
The Beatles Ashram,The Beatles Ashram
(Tera Manzil Temple) Trayambakeshwar Temple,(Tera Manzil Temple) Trayambakeshwar Temple
Parmarth Niketan Ashram,Parmarth Niketan Ashram
Shatrughana Temple Ghat aarti,Shatrughana Temple Ghat aarti
Triveni Ghat Rishikesh,Triveni Ghat Rishikesh
Gurdwara Sri Hemkunt Sahib,Gurdwara Sri Hemkunt Sahib
Kunjapuri Mata Ancient Temple & Sunrise Trek,Kunjapuri Mata Ancient Temple & Sunrise Trek
Vashishtha Gufa Temple,Vashishtha Gufa Temple
Shree Neelkanth Mahadev Temple,Shree Neelkanth Mahadev Temple
Shimla Airport (Jubbarhatti Airport),Shimla Airport (Jubbarhatti Airport)
ISBT Shimla ( New Bus stand),ISBT Shimla ( New Bus stand)
Shimla Railway station,Shimla Railway station
Old bus stand shimla,Old bus stand shimla
Ridge Mall road,Ridge Mall road
Lakkar bazar,Lakkar bazar
Tibetan Refugee Market,Tibetan Refugee Market
Christ Church,Christ Church
"Shri Hanuman Temple, Jakhoo","Shri Hanuman Temple, Jakhoo"
Dorje Drak Monastery,Dorje Drak Monastery
St. Michael's Catholic Cathedral,St. Michael's Catholic Cathedral
Kali Bari Temple,Kali Bari Temple
Tara Devi Temple,Tara Devi Temple
Baba Bhalku Rail Museum,Baba Bhalku Rail Museum
Gaiety Heritage Cultural Complex,Gaiety Heritage Cultural Complex
Bantony Castle,Bantony Castle
Army Heritage Museum & Annadale Ground,Army Heritage Museum & Annadale Ground
Himachal State Museum,Himachal State Museum
Viceregal Lodge,Viceregal Lodge
Chadwick Falls,Chadwick Falls
Himalayan Bird Park,Himalayan Bird Park
Kufri Horse Ride,Kufri Horse Ride
Himalayan Nature Park Kufri,Himalayan Nature Park Kufri
"Apple garden Naldehra, RHRTS Mashobra","Apple garden Naldehra, RHRTS Mashobra"
Carignano Nature Park,Carignano Nature Park
Cycling in Wildlife Sanctuary,Cycling in Wildlife Sanctuary
Water Rafting in Tattapani,Water Rafting in Tattapani
Ice Skating Ring,Ice Skating Ring
Naldehra Golf Course,Naldehra Golf Course
Nagsons Amusement Park,Nagsons Amusement Park
Kufri Fun World,Kufri Fun World
Adventure Resorts,Adventure Resorts
TRC Bus Stand Srinagar,TRC Bus Stand Srinagar
Srinagar railway station,Srinagar railway station
(Srinagar Airport) Sheikh ul-Alam International Airport ,(Srinagar Airport) Sheikh ul-Alam International Airport
Parimpora Bus Stand,Parimpora Bus Stand
Dal Lake,Dal Lake
Nigeen Lake,Nigeen Lake
Anchar Lake,Anchar Lake
Jhelum River,Jhelum River
Shalimar Bagh Mughal Garden,Shalimar Bagh Mughal Garden
Tulip Garden Indira Gandhi Memorial ,Tulip Garden Indira Gandhi Memorial
Dachigam National Park,Dachigam National Park
Nishat Garden,Nishat Garden
Cheshma Shahi Garden,Cheshma Shahi Garden
Botanical Garden Jawaharlal Nehru Memorial,Botanical Garden Jawaharlal Nehru Memorial
Badam Wari Park,Badam Wari Park
Gulmarg Gondola,Gulmarg Gondola
Char Chinar in Dal lake,Char Chinar in Dal lake
Hokersar Wetland,Hokersar Wetland
Harwan Garden,Harwan Garden
Doodhpathri (Meadow valley),Doodhpathri (Meadow valley)
Pari Mahal,Pari Mahal
Hari Parbat Fort,Hari Parbat Fort
Sri Shankaracharya Temple,Sri Shankaracharya Temple
Gurudwara Chati Patshahi,Gurudwara Chati Patshahi
Sri Kheer Bhawani Durga Temple,Sri Kheer Bhawani Durga Temple
Dargah Hazratbal Shrine,Dargah Hazratbal Shrine
Jamia Masjid Srinagar,Jamia Masjid Srinagar
Pather Masjid,Pather Masjid
Lal Chowk,Lal Chowk
Polo view market,Polo view market
Kashmir Government Arts Emporium,Kashmir Government Arts Emporium
"Maharana Pratap Airport, Udaipur","Maharana Pratap Airport, Udaipur"
Udaipur City Railway Station,Udaipur City Railway Station
Ranapratapnagar railway station,Ranapratapnagar railway station
Udaipole Bus Stand,Udaipole Bus Stand
Chetak Bus Stand,Chetak Bus Stand
City Palace,City Palace
Jagmandir Island Palace,Jagmandir Island Palace
"Taj Lake Palace, Udaipur","Taj Lake Palace, Udaipur"
Bagore Ki Haveli,Bagore Ki Haveli
Sajjangarh Monsoon Palace,Sajjangarh Monsoon Palace
Ahar Royal Cenotaphs,Ahar Royal Cenotaphs
Jagdish Temple,Jagdish Temple
Eklingji Temple,Eklingji Temple
"Karni Mata Temple, Udaipur","Karni Mata Temple, Udaipur"
Neemach Mata Mandir,Neemach Mata Mandir
Bohra Ganeshji Temple,Bohra Ganeshji Temple
Shilpgram,Shilpgram
Vintage Car Museum,Vintage Car Museum
Ahar Museum,Ahar Museum
Haldighati Maharana Pratap Museum,Haldighati Maharana Pratap Museum
Pratap Gaurav Kendra Udaipur,Pratap Gaurav Kendra Udaipur
Saheliyon ki bari,Saheliyon ki bari
Lake Pichola,Lake Pichola
Fateh Sagar Lake,Fateh Sagar Lake
Badi Lake ,Badi Lake
Gulab Bagh,Gulab Bagh
Rajiv Gandhi Garden,Rajiv Gandhi Garden
Sajjan Garh Biological Park,Sajjan Garh Biological Park
Varanasi Airport (Lal Bahadur Shastri International),Varanasi Airport (Lal Bahadur Shastri International)
Varanasi Cantt Bus Stand,Varanasi Cantt Bus Stand
Varanasi Junction railway station (BSB),Varanasi Junction railway station (BSB)
Varanasi City Railway Station (BCY),Varanasi City Railway Station (BCY)
Deen Dayal Railway Station,Deen Dayal Railway Station
Manduadih Banaras Railway Station (BSBS),Manduadih Banaras Railway Station (BSBS)
Lakhaniya Hills & Waterfall,Lakhaniya Hills & Waterfall
Rajdari and Devdari Waterfalls,Rajdari and Devdari Waterfalls
Shri Kashi Vishwanath Temple,Shri Kashi Vishwanath Temple
Dashashwamedh Ghat,Dashashwamedh Ghat
Manikarnika Mahashamshan Ghat,Manikarnika Mahashamshan Ghat
Assi Ghat,Assi Ghat
Shri Satyanarayan Tulsi Manas Mandir,Shri Satyanarayan Tulsi Manas Mandir
ISKCON Temple Varanasi,ISKCON Temple Varanasi
Kaal Bhairav Temple,Kaal Bhairav Temple
Swarved Mahamandir Dham,Swarved Mahamandir Dham
Namo Ghat,Namo Ghat
Alamgir Masjid,Alamgir Masjid
Pujari Maa Vindhyavasini Temple,Pujari Maa Vindhyavasini Temple
"Shri Kashi Vishwanath Temple, BHU Campus","Shri Kashi Vishwanath Temple, BHU Campus"
Sankat Mochan Hanuman Mandir,Sankat Mochan Hanuman Mandir
Sant Kabir Math Lahartara,Sant Kabir Math Lahartara
Ramnagar Fort,Ramnagar Fort
Archaeological Buddhist Remains of Sarnath,Archaeological Buddhist Remains of Sarnath
Chunar Fort,Chunar Fort
Chet Singh Ghat,Chet Singh Ghat
Jantar Mantar & Man Singh Observatory,Jantar Mantar & Man Singh Observatory
Bharat Kala Bhavan Museum,Bharat Kala Bhavan Museum
RUDRAKSH - International Convention Centre,RUDRAKSH - International Convention Centre
